// Generated by tools/app-icon from brack.svg and brack-small.svg: the window icons for
// glfwSetWindowIcon, as unpremultiplied RGBA rows.
static unsigned char kWindowIcon16[] = {
0xff,0xff,0xff,0x01,0x0c,0x0c,0x0e,0x6b,0x0b,0x0b,0x0c,0xd3,0x0a,0x0a,0x0c,0xf9,0x0a,0x0a,0x0c,0xff,0x0a,0x0a,0x0c,0xff,
0x0a,0x0a,0x0c,0xff,0x0a,0x0a,0x0c,0xff,0x0a,0x0a,0x0c,0xff,0x0a,0x0a,0x0c,0xff,0x0a,0x0a,0x0c,0xff,0x0a,0x0a,0x0c,0xff,
0x0a,0x0a,0x0c,0xf9,0x0b,0x0b,0x0c,0xd3,0x0c,0x0c,0x0e,0x6b,0xff,0xff,0xff,0x01,0x0b,0x0b,0x0e,0x70,0x0a,0x0a,0x0c,0xff,
0x0a,0x0a,0x0c,0xff,0x0a,0x0a,0x0c,0xff,0x0a,0x0a,0x0c,0xff,0x0a,0x0a,0x0c,0xff,0x0a,0x0a,0x0c,0xff,0x0a,0x0a,0x0c,0xff,
0x0a,0x0a,0x0c,0xff,0x0a,0x0a,0x0c,0xff,0x0a,0x0a,0x0c,0xff,0x0a,0x0a,0x0c,0xff,0x0a,0x0a,0x0c,0xff,0x0a,0x0a,0x0c,0xff,
0x0a,0x0a,0x0c,0xff,0x0b,0x0b,0x0e,0x70,0x0b,0x0b,0x0d,0xd8,0x0a,0x0a,0x0c,0xff,0x0a,0x0a,0x0c,0xff,0x0a,0x0a,0x0c,0xff,
0x0a,0x0a,0x0c,0xff,0x0a,0x0a,0x0c,0xff,0x0a,0x0a,0x0c,0xff,0x0a,0x0a,0x0c,0xff,0x0a,0x0a,0x0c,0xff,0x0a,0x0a,0x0c,0xff,
0x0a,0x0a,0x0c,0xff,0x0a,0x0a,0x0c,0xff,0x0a,0x0a,0x0c,0xff,0x0a,0x0a,0x0c,0xff,0x0a,0x0a,0x0c,0xff,0x0b,0x0b,0x0d,0xd8,
0x0a,0x0a,0x0c,0xf8,0x11,0x11,0x14,0xff,0x4e,0x4e,0x56,0xff,0x55,0x55,0x5e,0xff,0x55,0x55,0x5e,0xff,0x55,0x55,0x5e,0xff,
0x55,0x55,0x5e,0xff,0x55,0x55,0x5e,0xff,0x55,0x55,0x5e,0xff,0x55,0x55,0x5e,0xff,0x55,0x55,0x5e,0xff,0x4d,0x4d,0x55,0xff,
0x55,0x55,0x5e,0xff,0x4e,0x4e,0x56,0xff,0x11,0x11,0x14,0xff,0x0a,0x0a,0x0c,0xf8,0x0a,0x0a,0x0c,0xff,0x1d,0x1d,0x21,0xff,
0x5e,0x5a,0x5b,0xff,0xf2,0xa9,0x25,0xff,0xff,0xb0,0x20,0xff,0xff,0xb0,0x20,0xff,0xff,0xb0,0x20,0xff,0xf4,0xaa,0x24,0xff,
0x60,0x5b,0x5a,0xff,0x55,0x55,0x5e,0xff,0x71,0x70,0x72,0xff,0x53,0x52,0x55,0xff,0x2a,0x2a,0x30,0xff,0x55,0x55,0x5e,0xff,
0x1d,0x1d,0x21,0xff,0x0a,0x0a,0x0c,0xff,0x0a,0x0a,0x0c,0xff,0x1d,0x1d,0x21,0xff,0x6a,0x61,0x56,0xff,0xff,0xb0,0x20,0xff,
0xff,0xb0,0x20,0xff,0xff,0xb0,0x20,0xff,0xff,0xb0,0x20,0xff,0xff,0xb0,0x20,0xff,0x6a,0x61,0x56,0xff,0x49,0x49,0x51,0xff,
0x1c,0x1c,0x21,0xff,0x6c,0x6b,0x6b,0xff,0x27,0x27,0x2c,0xff,0x49,0x49,0x51,0xff,0x1d,0x1d,0x21,0xff,0x0a,0x0a,0x0c,0xff,
0x0a,0x0a,0x0c,0xff,0x1d,0x1d,0x20,0xff,0x59,0x57,0x5d,0xff,0xc8,0x93,0x34,0xff,0xd5,0x99,0x30,0xff,0xd5,0x99,0x30,0xff,
0xd5,0x99,0x30,0xff,0xca,0x94,0x34,0xff,0x5a,0x58,0x5c,0xff,0x55,0x55,0x5e,0xff,0x39,0x39,0x40,0xff,0x22,0x22,0x27,0xff,
0x38,0x38,0x3f,0xff,0x55,0x55,0x5e,0xff,0x1d,0x1d,0x20,0xff,0x0a,0x0a,0x0c,0xff,0x0a,0x0a,0x0c,0xff,0x0e,0x0e,0x10,0xff,
0x3c,0x3c,0x42,0xff,0x43,0x43,0x4a,0xff,0x43,0x43,0x4a,0xff,0x43,0x43,0x4a,0xff,0x43,0x43,0x4a,0xff,0x43,0x43,0x4a,0xff,
0x43,0x43,0x4a,0xff,0x43,0x43,0x4a,0xff,0x43,0x43,0x4a,0xff,0x43,0x43,0x4a,0xff,0x43,0x43,0x4a,0xff,0x3c,0x3c,0x42,0xff,
0x0e,0x0e,0x10,0xff,0x0a,0x0a,0x0c,0xff,0x0a,0x0a,0x0c,0xff,0x0e,0x0e,0x10,0xff,0x3c,0x3c,0x42,0xff,0x43,0x43,0x4a,0xff,
0x43,0x43,0x4a,0xff,0x43,0x43,0x4a,0xff,0x43,0x43,0x4a,0xff,0x43,0x43,0x4a,0xff,0x43,0x43,0x4a,0xff,0x43,0x43,0x4a,0xff,
0x43,0x43,0x4a,0xff,0x43,0x43,0x4a,0xff,0x43,0x43,0x4a,0xff,0x3c,0x3c,0x42,0xff,0x0e,0x0e,0x10,0xff,0x0a,0x0a,0x0c,0xff,
0x0a,0x0a,0x0c,0xff,0x24,0x24,0x29,0xff,0x55,0x57,0x5f,0xff,0x53,0x8a,0x7d,0xff,0x52,0x93,0x82,0xff,0x52,0x93,0x82,0xff,
0x52,0x93,0x82,0xff,0x53,0x8b,0x7d,0xff,0x55,0x57,0x5f,0xff,0x55,0x55,0x5e,0xff,0x3a,0x3a,0x41,0xff,0x22,0x22,0x27,0xff,
0x67,0x67,0x69,0xff,0x55,0x55,0x5e,0xff,0x24,0x24,0x29,0xff,0x0a,0x0a,0x0c,0xff,0x0a,0x0a,0x0c,0xff,0x1d,0x1d,0x21,0xff,
0x54,0x65,0x67,0xff,0x4f,0xd1,0xa5,0xff,0x4f,0xd1,0xa5,0xff,0x4f,0xd1,0xa5,0xff,0x4f,0xd1,0xa5,0xff,0x4f,0xd1,0xa5,0xff,
0x54,0x65,0x67,0xff,0x52,0x52,0x5b,0xff,0x1e,0x1e,0x23,0xff,0x80,0x7f,0x7f,0xff,0x4c,0x4b,0x4e,0xff,0x52,0x52,0x5b,0xff,
0x1d,0x1d,0x21,0xff,0x0a,0x0a,0x0c,0xff,0x0a,0x0a,0x0c,0xff,0x1d,0x1d,0x21,0xff,0x55,0x60,0x64,0xff,0x4f,0xd1,0xa5,0xff,
0x4f,0xd1,0xa5,0xff,0x4f,0xd1,0xa5,0xff,0x4f,0xd1,0xa5,0xff,0x4f,0xd1,0xa5,0xff,0x55,0x61,0x65,0xff,0x55,0x55,0x5e,0xff,
0x22,0x22,0x27,0xff,0x31,0x31,0x35,0xff,0x22,0x22,0x27,0xff,0x55,0x55,0x5e,0xff,0x1d,0x1d,0x21,0xff,0x0a,0x0a,0x0c,0xff,
0x0a,0x0a,0x0c,0xff,0x16,0x16,0x19,0xff,0x55,0x55,0x5e,0xff,0x55,0x55,0x5e,0xff,0x55,0x55,0x5e,0xff,0x55,0x55,0x5e,0xff,
0x55,0x55,0x5e,0xff,0x55,0x55,0x5e,0xff,0x55,0x55,0x5e,0xff,0x55,0x55,0x5e,0xff,0x53,0x53,0x5c,0xff,0x4a,0x4a,0x52,0xff,
0x52,0x52,0x5b,0xff,0x55,0x55,0x5e,0xff,0x16,0x16,0x19,0xff,0x0a,0x0a,0x0c,0xff,0x0a,0x0a,0x0d,0xe0,0x0a,0x0a,0x0c,0xff,
0x16,0x16,0x19,0xff,0x1d,0x1d,0x21,0xff,0x1d,0x1d,0x21,0xff,0x1d,0x1d,0x21,0xff,0x1d,0x1d,0x21,0xff,0x1d,0x1d,0x21,0xff,
0x1d,0x1d,0x21,0xff,0x1d,0x1d,0x21,0xff,0x1d,0x1d,0x21,0xff,0x1d,0x1d,0x21,0xff,0x1d,0x1d,0x21,0xff,0x16,0x16,0x19,0xff,
0x0a,0x0a,0x0c,0xff,0x0b,0x0b,0x0d,0xd8,0x0a,0x0a,0x0c,0x80,0x0a,0x0a,0x0c,0xff,0x0a,0x0a,0x0c,0xff,0x0a,0x0a,0x0c,0xff,
0x0a,0x0a,0x0c,0xff,0x0a,0x0a,0x0c,0xff,0x0a,0x0a,0x0c,0xff,0x0a,0x0a,0x0c,0xff,0x0a,0x0a,0x0c,0xff,0x0a,0x0a,0x0c,0xff,
0x0a,0x0a,0x0c,0xff,0x0a,0x0a,0x0c,0xff,0x0a,0x0a,0x0c,0xff,0x0a,0x0a,0x0c,0xff,0x0a,0x0a,0x0c,0xff,0x0a,0x0a,0x0c,0x80,
0x15,0x15,0x15,0x0c,0x0b,0x0b,0x0d,0x88,0x0b,0x0b,0x0c,0xd4,0x0a,0x0a,0x0c,0xfa,0x0a,0x0a,0x0c,0xff,0x0a,0x0a,0x0c,0xff,
0x0a,0x0a,0x0c,0xff,0x0a,0x0a,0x0c,0xff,0x0a,0x0a,0x0c,0xff,0x0a,0x0a,0x0c,0xff,0x0a,0x0a,0x0c,0xff,0x0a,0x0a,0x0c,0xff,
0x0a,0x0a,0x0c,0xfa,0x0b,0x0b,0x0c,0xd4,0x0b,0x0b,0x0d,0x88,0x15,0x15,0x15,0x0c,
};
static unsigned char kWindowIcon32[] = {
0x00,0x00,0x00,0x00,0x00,0x00,0x00,0x00,0x00,0x00,0x00,0x00,0x17,0x17,0x17,0x0b,0x0a,0x0a,0x0c,0x7c,0x0b,0x0b,0x0d,0xb5,
0x0a,0x0a,0x0c,0xe3,0x0a,0x0a,0x0c,0xff,0x0a,0x0a,0x0c,0xff,0x0a,0x0a,0x0c,0xff,0x0a,0x0a,0x0c,0xff,0x0a,0x0a,0x0c,0xff,
0x0a,0x0a,0x0c,0xff,0x0a,0x0a,0x0c,0xff,0x0a,0x0a,0x0c,0xff,0x0a,0x0a,0x0c,0xff,0x0a,0x0a,0x0c,0xff,0x0a,0x0a,0x0c,0xff,
0x0a,0x0a,0x0c,0xff,0x0a,0x0a,0x0c,0xff,0x0a,0x0a,0x0c,0xff,0x0a,0x0a,0x0c,0xff,0x0a,0x0a,0x0c,0xff,0x0a,0x0a,0x0c,0xff,
0x0a,0x0a,0x0c,0xff,0x0a,0x0a,0x0c,0xe3,0x0b,0x0b,0x0d,0xb4,0x0a,0x0a,0x0c,0x7c,0x17,0x17,0x17,0x0b,0x00,0x00,0x00,0x00,
0x00,0x00,0x00,0x00,0x00,0x00,0x00,0x00,0x00,0x00,0x00,0x00,0x00,0x00,0x00,0x00,0x0b,0x0b,0x0f,0x46,0x0a,0x0a,0x0d,0xe0,
0x0a,0x0a,0x0c,0xff,0x0a,0x0a,0x0c,0xff,0x0a,0x0a,0x0c,0xff,0x0a,0x0a,0x0c,0xff,0x0a,0x0a,0x0c,0xff,0x0a,0x0a,0x0c,0xff,
0x0a,0x0a,0x0c,0xff,0x0a,0x0a,0x0c,0xff,0x0a,0x0a,0x0c,0xff,0x0a,0x0a,0x0c,0xff,0x0a,0x0a,0x0c,0xff,0x0a,0x0a,0x0c,0xff,
0x0a,0x0a,0x0c,0xff,0x0a,0x0a,0x0c,0xff,0x0a,0x0a,0x0c,0xff,0x0a,0x0a,0x0c,0xff,0x0a,0x0a,0x0c,0xff,0x0a,0x0a,0x0c,0xff,
0x0a,0x0a,0x0c,0xff,0x0a,0x0a,0x0c,0xff,0x0a,0x0a,0x0c,0xff,0x0a,0x0a,0x0c,0xff,0x0a,0x0a,0x0c,0xff,0x0a,0x0a,0x0c,0xff,
0x0a,0x0a,0x0d,0xdf,0x0c,0x0c,0x0c,0x40,0x00,0x00,0x00,0x00,0x00,0x00,0x00,0x00,0x00,0x00,0x00,0x00,0x0b,0x0b,0x0e,0x47,
0x0a,0x0a,0x0c,0xff,0x0a,0x0a,0x0c,0xff,0x0a,0x0a,0x0c,0xff,0x0a,0x0a,0x0c,0xff,0x0a,0x0a,0x0c,0xff,0x0a,0x0a,0x0c,0xff,
0x0a,0x0a,0x0c,0xff,0x0a,0x0a,0x0c,0xff,0x0a,0x0a,0x0c,0xff,0x0a,0x0a,0x0c,0xff,0x0a,0x0a,0x0c,0xff,0x0a,0x0a,0x0c,0xff,
0x0a,0x0a,0x0c,0xff,0x0a,0x0a,0x0c,0xff,0x0a,0x0a,0x0c,0xff,0x0a,0x0a,0x0c,0xff,0x0a,0x0a,0x0c,0xff,0x0a,0x0a,0x0c,0xff,
0x0a,0x0a,0x0c,0xff,0x0a,0x0a,0x0c,0xff,0x0a,0x0a,0x0c,0xff,0x0a,0x0a,0x0c,0xff,0x0a,0x0a,0x0c,0xff,0x0a,0x0a,0x0c,0xff,
0x0a,0x0a,0x0c,0xff,0x0a,0x0a,0x0c,0xff,0x0a,0x0a,0x0c,0xff,0x0a,0x0a,0x0c,0xff,0x0d,0x0d,0x0d,0x3b,0x00,0x00,0x00,0x00,
0x0f,0x0f,0x0f,0x11,0x0a,0x0a,0x0c,0xe6,0x0a,0x0a,0x0c,0xff,0x0a,0x0a,0x0c,0xff,0x0a,0x0a,0x0c,0xff,0x0a,0x0a,0x0c,0xff,
0x0a,0x0a,0x0c,0xff,0x0a,0x0a,0x0c,0xff,0x0a,0x0a,0x0c,0xff,0x0a,0x0a,0x0c,0xff,0x0a,0x0a,0x0c,0xff,0x0a,0x0a,0x0c,0xff,
0x0a,0x0a,0x0c,0xff,0x0a,0x0a,0x0c,0xff,0x0a,0x0a,0x0c,0xff,0x0a,0x0a,0x0c,0xff,0x0a,0x0a,0x0c,0xff,0x0a,0x0a,0x0c,0xff,
0x0a,0x0a,0x0c,0xff,0x0a,0x0a,0x0c,0xff,0x0a,0x0a,0x0c,0xff,0x0a,0x0a,0x0c,0xff,0x0a,0x0a,0x0c,0xff,0x0a,0x0a,0x0c,0xff,
0x0a,0x0a,0x0c,0xff,0x0a,0x0a,0x0c,0xff,0x0a,0x0a,0x0c,0xff,0x0a,0x0a,0x0c,0xff,0x0a,0x0a,0x0c,0xff,0x0a,0x0a,0x0c,0xff,
0x0a,0x0a,0x0d,0xdc,0x17,0x17,0x17,0x0b,0x0b,0x0b,0x0d,0x60,0x0a,0x0a,0x0c,0xff,0x0a,0x0a,0x0c,0xff,0x0a,0x0a,0x0c,0xff,
0x0a,0x0a,0x0c,0xff,0x0a,0x0a,0x0c,0xff,0x0a,0x0a,0x0c,0xff,0x0a,0x0a,0x0c,0xff,0x0a,0x0a,0x0c,0xff,0x0a,0x0a,0x0c,0xff,
0x0a,0x0a,0x0c,0xff,0x0a,0x0a,0x0c,0xff,0x0a,0x0a,0x0c,0xff,0x0a,0x0a,0x0c,0xff,0x0a,0x0a,0x0c,0xff,0x0a,0x0a,0x0c,0xff,
0x0a,0x0a,0x0c,0xff,0x0a,0x0a,0x0c,0xff,0x0a,0x0a,0x0c,0xff,0x0a,0x0a,0x0c,0xff,0x0a,0x0a,0x0c,0xff,0x0a,0x0a,0x0c,0xff,
0x0a,0x0a,0x0c,0xff,0x0a,0x0a,0x0c,0xff,0x0a,0x0a,0x0c,0xff,0x0a,0x0a,0x0c,0xff,0x0a,0x0a,0x0c,0xff,0x0a,0x0a,0x0c,0xff,
0x0a,0x0a,0x0c,0xff,0x0a,0x0a,0x0c,0xff,0x0a,0x0a,0x0c,0xff,0x0b,0x0b,0x0d,0x60,0x0b,0x0b,0x0d,0xa0,0x0a,0x0a,0x0c,0xff,
0x0a,0x0a,0x0c,0xff,0x0a,0x0a,0x0c,0xff,0x0b,0x0b,0x0d,0xff,0x1a,0x1a,0x1e,0xff,0x1d,0x1d,0x21,0xff,0x1d,0x1d,0x21,0xff,
0x1d,0x1d,0x21,0xff,0x1d,0x1d,0x21,0xff,0x1d,0x1d,0x21,0xff,0x1d,0x1d,0x21,0xff,0x1d,0x1d,0x21,0xff,0x1d,0x1d,0x21,0xff,
0x1d,0x1d,0x21,0xff,0x1d,0x1d,0x21,0xff,0x1d,0x1d,0x21,0xff,0x1d,0x1d,0x21,0xff,0x1d,0x1d,0x21,0xff,0x1d,0x1d,0x21,0xff,
0x1d,0x1d,0x21,0xff,0x1d,0x1d,0x21,0xff,0x1d,0x1d,0x21,0xff,0x1d,0x1d,0x21,0xff,0x1d,0x1d,0x21,0xff,0x1d,0x1d,0x21,0xff,
0x1a,0x1a,0x1e,0xff,0x0b,0x0b,0x0d,0xff,0x0a,0x0a,0x0c,0xff,0x0a,0x0a,0x0c,0xff,0x0a,0x0a,0x0c,0xff,0x0a,0x0a,0x0d,0x98,
0x0b,0x0b,0x0d,0xd8,0x0a,0x0a,0x0c,0xff,0x0a,0x0a,0x0c,0xff,0x11,0x11,0x14,0xff,0x4e,0x4e,0x56,0xff,0x55,0x55,0x5e,0xff,
0x55,0x55,0x5e,0xff,0x55,0x55,0x5e,0xff,0x55,0x55,0x5e,0xff,0x55,0x55,0x5e,0xff,0x55,0x55,0x5e,0xff,0x55,0x55,0x5e,0xff,
0x55,0x55,0x5e,0xff,0x55,0x55,0x5e,0xff,0x55,0x55,0x5e,0xff,0x55,0x55,0x5e,0xff,0x55,0x55,0x5e,0xff,0x55,0x55,0x5e,0xff,
0x55,0x55,0x5e,0xff,0x55,0x55,0x5e,0xff,0x55,0x55,0x5e,0xff,0x55,0x55,0x5e,0xff,0x55,0x55,0x5e,0xff,0x55,0x55,0x5e,0xff,
0x55,0x55,0x5e,0xff,0x55,0x55,0x5e,0xff,0x55,0x55,0x5e,0xff,0x4e,0x4e,0x56,0xff,0x11,0x11,0x14,0xff,0x0a,0x0a,0x0c,0xff,
0x0a,0x0a,0x0c,0xff,0x0b,0x0b,0x0c,0xd0,0x0a,0x0a,0x0c,0xf8,0x0a,0x0a,0x0c,0xff,0x0a,0x0a,0x0c,0xff,0x29,0x29,0x2e,0xff,
0x55,0x55,0x5e,0xff,0x55,0x55,0x5e,0xff,0x55,0x55,0x5e,0xff,0x55,0x55,0x5e,0xff,0x55,0x55,0x5e,0xff,0x55,0x55,0x5e,0xff,
0x55,0x55,0x5e,0xff,0x55,0x55,0x5e,0xff,0x55,0x55,0x5e,0xff,0x55,0x55,0x5e,0xff,0x55,0x55,0x5e,0xff,0x55,0x55,0x5e,0xff,
0x55,0x55,0x5e,0xff,0x55,0x55,0x5e,0xff,0x55,0x55,0x5e,0xff,0x55,0x55,0x5e,0xff,0x55,0x55,0x5e,0xff,0x4b,0x4b,0x53,0xff,
0x3d,0x3d,0x44,0xff,0x3d,0x3d,0x44,0xff,0x4b,0x4b,0x53,0xff,0x55,0x55,0x5e,0xff,0x55,0x55,0x5e,0xff,0x55,0x55,0x5e,0xff,
0x29,0x29,0x2e,0xff,0x0a,0x0a,0x0c,0xff,0x0a,0x0a,0x0c,0xff,0x0a,0x0a,0x0c,0xf8,0x0a,0x0a,0x0c,0xff,0x0a,0x0a,0x0c,0xff,
0x0a,0x0a,0x0c,0xff,0x30,0x30,0x35,0xff,0x55,0x55,0x5e,0xff,0x5e,0x5a,0x5b,0xff,0xe7,0xa3,0x29,0xff,0xff,0xb0,0x20,0xff,
0xff,0xb0,0x20,0xff,0xff,0xb0,0x20,0xff,0xff,0xb0,0x20,0xff,0xff,0xb0,0x20,0xff,0xff,0xb0,0x20,0xff,0xff,0xb0,0x20,0xff,
0xff,0xb0,0x20,0xff,0xe7,0xa3,0x29,0xff,0x5e,0x5a,0x5b,0xff,0x55,0x55,0x5e,0xff,0x55,0x55,0x5e,0xff,0x55,0x55,0x5e,0xff,
0x37,0x37,0x3e,0xff,0xa4,0xa2,0x9f,0xff,0x53,0x52,0x54,0xff,0x1c,0x1c,0x21,0xff,0x1c,0x1c,0x21,0xff,0x37,0x37,0x3e,0xff,
0x55,0x55,0x5e,0xff,0x55,0x55,0x5e,0xff,0x30,0x30,0x35,0xff,0x0a,0x0a,0x0c,0xff,0x0a,0x0a,0x0c,0xff,0x0a,0x0a,0x0c,0xff,
0x0a,0x0a,0x0c,0xff,0x0a,0x0a,0x0c,0xff,0x0a,0x0a,0x0c,0xff,0x30,0x30,0x35,0xff,0x55,0x55,0x5e,0xff,0x90,0x74,0x49,0xff,
0xff,0xb0,0x20,0xff,0xff,0xb0,0x20,0xff,0xff,0xb0,0x20,0xff,0xff,0xb0,0x20,0xff,0xff,0xb0,0x20,0xff,0xff,0xb0,0x20,0xff,
0xff,0xb0,0x20,0xff,0xff,0xb0,0x20,0xff,0xff,0xb0,0x20,0xff,0xff,0xb0,0x20,0xff,0x90,0x74,0x49,0xff,0x55,0x55,0x5e,0xff,
0x55,0x55,0x5e,0xff,0x51,0x51,0x5a,0xff,0x1d,0x1d,0x22,0xff,0xa1,0x9f,0x9d,0xff,0xe3,0xe1,0xda,0xff,0x31,0x31,0x35,0xff,
0x1c,0x1c,0x21,0xff,0x1d,0x1d,0x22,0xff,0x51,0x51,0x5a,0xff,0x55,0x55,0x5e,0xff,0x30,0x30,0x35,0xff,0x0a,0x0a,0x0c,0xff,
0x0a,0x0a,0x0c,0xff,0x0a,0x0a,0x0c,0xff,0x0a,0x0a,0x0c,0xff,0x0a,0x0a,0x0c,0xff,0x0a,0x0a,0x0c,0xff,0x30,0x30,0x35,0xff,
0x55,0x55,0x5e,0xff,0x80,0x6c,0x4f,0xff,0xff,0xb0,0x20,0xff,0xff,0xb0,0x20,0xff,0xff,0xb0,0x20,0xff,0xff,0xb0,0x20,0xff,
0xff,0xb0,0x20,0xff,0xff,0xb0,0x20,0xff,0xff,0xb0,0x20,0xff,0xff,0xb0,0x20,0xff,0xff,0xb0,0x20,0xff,0xff,0xb0,0x20,0xff,
0x80,0x6c,0x4f,0xff,0x55,0x55,0x5e,0xff,0x55,0x55,0x5e,0xff,0x49,0x49,0x51,0xff,0x1c,0x1c,0x21,0xff,0x27,0x27,0x2b,0xff,
0xd6,0xd3,0xce,0xff,0x9b,0x99,0x97,0xff,0x1c,0x1c,0x21,0xff,0x1c,0x1c,0x21,0xff,0x49,0x49,0x51,0xff,0x55,0x55,0x5e,0xff,
0x30,0x30,0x35,0xff,0x0a,0x0a,0x0c,0xff,0x0a,0x0a,0x0c,0xff,0x0a,0x0a,0x0c,0xff,0x0a,0x0a,0x0c,0xff,0x0a,0x0a,0x0c,0xff,
0x0a,0x0a,0x0c,0xff,0x30,0x30,0x35,0xff,0x55,0x55,0x5e,0xff,0x80,0x6c,0x4f,0xff,0xff,0xb0,0x20,0xff,0xff,0xb0,0x20,0xff,
0xff,0xb0,0x20,0xff,0xff,0xb0,0x20,0xff,0xff,0xb0,0x20,0xff,0xff,0xb0,0x20,0xff,0xff,0xb0,0x20,0xff,0xff,0xb0,0x20,0xff,
0xff,0xb0,0x20,0xff,0xff,0xb0,0x20,0xff,0x80,0x6c,0x4f,0xff,0x55,0x55,0x5e,0xff,0x55,0x55,0x5e,0xff,0x4e,0x4e,0x57,0xff,
0x1c,0x1c,0x21,0xff,0x1c,0x1c,0x21,0xff,0x34,0x33,0x37,0xff,0x35,0x35,0x39,0xff,0x1c,0x1c,0x21,0xff,0x1c,0x1c,0x21,0xff,
0x4e,0x4e,0x57,0xff,0x55,0x55,0x5e,0xff,0x30,0x30,0x35,0xff,0x0a,0x0a,0x0c,0xff,0x0a,0x0a,0x0c,0xff,0x0a,0x0a,0x0c,0xff,
0x0a,0x0a,0x0c,0xff,0x0a,0x0a,0x0c,0xff,0x0a,0x0a,0x0c,0xff,0x30,0x30,0x35,0xff,0x55,0x55,0x5e,0xff,0x66,0x5e,0x58,0xff,
0xfe,0xaf,0x21,0xff,0xff,0xb0,0x20,0xff,0xff,0xb0,0x20,0xff,0xff,0xb0,0x20,0xff,0xff,0xb0,0x20,0xff,0xff,0xb0,0x20,0xff,
0xff,0xb0,0x20,0xff,0xff,0xb0,0x20,0xff,0xff,0xb0,0x20,0xff,0xfe,0xaf,0x21,0xff,0x66,0x5e,0x58,0xff,0x55,0x55,0x5e,0xff,
0x55,0x55,0x5e,0xff,0x54,0x54,0x5d,0xff,0x25,0x25,0x2b,0xff,0x1c,0x1c,0x21,0xff,0x1c,0x1c,0x21,0xff,0x1c,0x1c,0x21,0xff,
0x1c,0x1c,0x21,0xff,0x25,0x25,0x2b,0xff,0x54,0x54,0x5d,0xff,0x55,0x55,0x5e,0xff,0x30,0x30,0x35,0xff,0x0a,0x0a,0x0c,0xff,
0x0a,0x0a,0x0c,0xff,0x0a,0x0a,0x0c,0xff,0x0a,0x0a,0x0c,0xff,0x0a,0x0a,0x0c,0xff,0x0a,0x0a,0x0c,0xff,0x30,0x30,0x35,0xff,
0x55,0x55,0x5e,0xff,0x55,0x55,0x5e,0xff,0x69,0x60,0x57,0xff,0x80,0x6c,0x4f,0xff,0x80,0x6c,0x4f,0xff,0x80,0x6c,0x4f,0xff,
0x80,0x6c,0x4f,0xff,0x80,0x6c,0x4f,0xff,0x80,0x6c,0x4f,0xff,0x80,0x6c,0x4f,0xff,0x80,0x6c,0x4f,0xff,0x69,0x60,0x57,0xff,
0x55,0x55,0x5e,0xff,0x55,0x55,0x5e,0xff,0x55,0x55,0x5e,0xff,0x55,0x55,0x5e,0xff,0x4c,0x4c,0x54,0xff,0x2e,0x2e,0x34,0xff,
0x21,0x21,0x26,0xff,0x21,0x21,0x26,0xff,0x2e,0x2e,0x34,0xff,0x4c,0x4c,0x54,0xff,0x55,0x55,0x5e,0xff,0x55,0x55,0x5e,0xff,
0x30,0x30,0x35,0xff,0x0a,0x0a,0x0c,0xff,0x0a,0x0a,0x0c,0xff,0x0a,0x0a,0x0c,0xff,0x0a,0x0a,0x0c,0xff,0x0a,0x0a,0x0c,0xff,
0x0a,0x0a,0x0c,0xff,0x16,0x16,0x19,0xff,0x55,0x55,0x5e,0xff,0x55,0x55,0x5e,0xff,0x55,0x55,0x5e,0xff,0x55,0x55,0x5e,0xff,
0x55,0x55,0x5e,0xff,0x55,0x55,0x5e,0xff,0x55,0x55,0x5e,0xff,0x55,0x55,0x5e,0xff,0x55,0x55,0x5e,0xff,0x55,0x55,0x5e,0xff,
0x55,0x55,0x5e,0xff,0x55,0x55,0x5e,0xff,0x55,0x55,0x5e,0xff,0x55,0x55,0x5e,0xff,0x55,0x55,0x5e,0xff,0x55,0x55,0x5e,0xff,
0x55,0x55,0x5e,0xff,0x55,0x55,0x5e,0xff,0x55,0x55,0x5e,0xff,0x55,0x55,0x5e,0xff,0x55,0x55,0x5e,0xff,0x55,0x55,0x5e,0xff,
0x55,0x55,0x5e,0xff,0x55,0x55,0x5e,0xff,0x16,0x16,0x19,0xff,0x0a,0x0a,0x0c,0xff,0x0a,0x0a,0x0c,0xff,0x0a,0x0a,0x0c,0xff,
0x0a,0x0a,0x0c,0xff,0x0a,0x0a,0x0c,0xff,0x0a,0x0a,0x0c,0xff,0x0a,0x0a,0x0c,0xff,0x16,0x16,0x19,0xff,0x2d,0x2d,0x32,0xff,
0x30,0x30,0x35,0xff,0x30,0x30,0x35,0xff,0x30,0x30,0x35,0xff,0x30,0x30,0x35,0xff,0x30,0x30,0x35,0xff,0x30,0x30,0x35,0xff,
0x30,0x30,0x35,0xff,0x30,0x30,0x35,0xff,0x30,0x30,0x35,0xff,0x30,0x30,0x35,0xff,0x30,0x30,0x35,0xff,0x30,0x30,0x35,0xff,
0x30,0x30,0x35,0xff,0x30,0x30,0x35,0xff,0x30,0x30,0x35,0xff,0x30,0x30,0x35,0xff,0x30,0x30,0x35,0xff,0x30,0x30,0x35,0xff,
0x30,0x30,0x35,0xff,0x30,0x30,0x35,0xff,0x2d,0x2d,0x32,0xff,0x16,0x16,0x19,0xff,0x0a,0x0a,0x0c,0xff,0x0a,0x0a,0x0c,0xff,
0x0a,0x0a,0x0c,0xff,0x0a,0x0a,0x0c,0xff,0x0a,0x0a,0x0c,0xff,0x0a,0x0a,0x0c,0xff,0x0a,0x0a,0x0c,0xff,0x0a,0x0a,0x0c,0xff,
0x16,0x16,0x19,0xff,0x2d,0x2d,0x32,0xff,0x30,0x30,0x35,0xff,0x30,0x30,0x35,0xff,0x30,0x30,0x35,0xff,0x30,0x30,0x35,0xff,
0x30,0x30,0x35,0xff,0x30,0x30,0x35,0xff,0x30,0x30,0x35,0xff,0x30,0x30,0x35,0xff,0x30,0x30,0x35,0xff,0x30,0x30,0x35,0xff,
0x30,0x30,0x35,0xff,0x30,0x30,0x35,0xff,0x30,0x30,0x35,0xff,0x30,0x30,0x35,0xff,0x30,0x30,0x35,0xff,0x30,0x30,0x35,0xff,
0x30,0x30,0x35,0xff,0x30,0x30,0x35,0xff,0x30,0x30,0x35,0xff,0x30,0x30,0x35,0xff,0x2d,0x2d,0x32,0xff,0x16,0x16,0x19,0xff,
0x0a,0x0a,0x0c,0xff,0x0a,0x0a,0x0c,0xff,0x0a,0x0a,0x0c,0xff,0x0a,0x0a,0x0c,0xff,0x0a,0x0a,0x0c,0xff,0x0a,0x0a,0x0c,0xff,
0x0a,0x0a,0x0c,0xff,0x16,0x16,0x19,0xff,0x55,0x55,0x5e,0xff,0x55,0x55,0x5e,0xff,0x55,0x55,0x5e,0xff,0x55,0x55,0x5e,0xff,
0x55,0x55,0x5e,0xff,0x55,0x55,0x5e,0xff,0x55,0x55,0x5e,0xff,0x55,0x55,0x5e,0xff,0x55,0x55,0x5e,0xff,0x55,0x55,0x5e,0xff,
0x55,0x55,0x5e,0xff,0x55,0x55,0x5e,0xff,0x55,0x55,0x5e,0xff,0x55,0x55,0x5e,0xff,0x55,0x55,0x5e,0xff,0x55,0x55,0x5e,0xff,
0x55,0x55,0x5e,0xff,0x55,0x55,0x5e,0xff,0x55,0x55,0x5e,0xff,0x55,0x55,0x5e,0xff,0x55,0x55,0x5e,0xff,0x55,0x55,0x5e,0xff,
0x55,0x55,0x5e,0xff,0x55,0x55,0x5e,0xff,0x16,0x16,0x19,0xff,0x0a,0x0a,0x0c,0xff,0x0a,0x0a,0x0c,0xff,0x0a,0x0a,0x0c,0xff,
0x0a,0x0a,0x0c,0xff,0x0a,0x0a,0x0c,0xff,0x0a,0x0a,0x0c,0xff,0x30,0x30,0x35,0xff,0x55,0x55,0x5e,0xff,0x55,0x55,0x5e,0xff,
0x54,0x64,0x66,0xff,0x54,0x74,0x70,0xff,0x54,0x74,0x70,0xff,0x54,0x74,0x70,0xff,0x54,0x74,0x70,0xff,0x54,0x74,0x70,0xff,
0x54,0x74,0x70,0xff,0x54,0x74,0x70,0xff,0x54,0x74,0x70,0xff,0x54,0x64,0x66,0xff,0x55,0x55,0x5e,0xff,0x55,0x55,0x5e,0xff,
0x55,0x55,0x5e,0xff,0x55,0x55,0x5e,0xff,0x53,0x53,0x5c,0xff,0x3c,0x3c,0x43,0xff,0x2f,0x2f,0x35,0xff,0x2f,0x2f,0x35,0xff,
0x3c,0x3c,0x43,0xff,0x53,0x53,0x5c,0xff,0x55,0x55,0x5e,0xff,0x55,0x55,0x5e,0xff,0x30,0x30,0x35,0xff,0x0a,0x0a,0x0c,0xff,
0x0a,0x0a,0x0c,0xff,0x0a,0x0a,0x0c,0xff,0x0a,0x0a,0x0c,0xff,0x0a,0x0a,0x0c,0xff,0x0a,0x0a,0x0c,0xff,0x30,0x30,0x35,0xff,
0x55,0x55,0x5e,0xff,0x55,0x61,0x65,0xff,0x4f,0xd0,0xa5,0xff,0x4f,0xd1,0xa5,0xff,0x4f,0xd1,0xa5,0xff,0x4f,0xd1,0xa5,0xff,
0x4f,0xd1,0xa5,0xff,0x4f,0xd1,0xa5,0xff,0x4f,0xd1,0xa5,0xff,0x4f,0xd1,0xa5,0xff,0x4f,0xd1,0xa5,0xff,0x4f,0xd0,0xa5,0xff,
0x55,0x61,0x65,0xff,0x55,0x55,0x5e,0xff,0x55,0x55,0x5e,0xff,0x55,0x55,0x5e,0xff,0x2b,0x2b,0x31,0xff,0x1c,0x1c,0x21,0xff,
0x1c,0x1c,0x21,0xff,0x26,0x25,0x2a,0xff,0x7d,0x7c,0x7c,0xff,0x40,0x3f,0x44,0xff,0x55,0x55,0x5e,0xff,0x55,0x55,0x5e,0xff,
0x30,0x30,0x35,0xff,0x0a,0x0a,0x0c,0xff,0x0a,0x0a,0x0c,0xff,0x0a,0x0a,0x0c,0xff,0x0a,0x0a,0x0c,0xff,0x0a,0x0a,0x0c,0xff,
0x0a,0x0a,0x0c,0xff,0x30,0x30,0x35,0xff,0x55,0x55,0x5e,0xff,0x54,0x74,0x70,0xff,0x4f,0xd1,0xa5,0xff,0x4f,0xd1,0xa5,0xff,
0x4f,0xd1,0xa5,0xff,0x4f,0xd1,0xa5,0xff,0x4f,0xd1,0xa5,0xff,0x4f,0xd1,0xa5,0xff,0x4f,0xd1,0xa5,0xff,0x4f,0xd1,0xa5,0xff,
0x4f,0xd1,0xa5,0xff,0x4f,0xd1,0xa5,0xff,0x54,0x74,0x70,0xff,0x55,0x55,0x5e,0xff,0x55,0x55,0x5e,0xff,0x4e,0x4e,0x57,0xff,
0x1c,0x1c,0x21,0xff,0x1c,0x1c,0x21,0xff,0x40,0x40,0x43,0xff,0xd3,0xd1,0xcc,0xff,0xf0,0xed,0xe6,0xff,0x54,0x53,0x55,0xff,
0x4e,0x4e,0x57,0xff,0x55,0x55,0x5e,0xff,0x30,0x30,0x35,0xff,0x0a,0x0a,0x0c,0xff,0x0a,0x0a,0x0c,0xff,0x0a,0x0a,0x0c,0xff,
0x0a,0x0a,0x0c,0xff,0x0a,0x0a,0x0c,0xff,0x0a,0x0a,0x0c,0xff,0x30,0x30,0x35,0xff,0x55,0x55,0x5e,0xff,0x54,0x74,0x70,0xff,
0x4f,0xd1,0xa5,0xff,0x4f,0xd1,0xa5,0xff,0x4f,0xd1,0xa5,0xff,0x4f,0xd1,0xa5,0xff,0x4f,0xd1,0xa5,0xff,0x4f,0xd1,0xa5,0xff,
0x4f,0xd1,0xa5,0xff,0x4f,0xd1,0xa5,0xff,0x4f,0xd1,0xa5,0xff,0x4f,0xd1,0xa5,0xff,0x54,0x74,0x70,0xff,0x55,0x55,0x5e,0xff,
0x55,0x55,0x5e,0xff,0x47,0x47,0x4f,0xff,0x1c,0x1c,0x21,0xff,0x1c,0x1c,0x21,0xff,0x9b,0x9a,0x98,0xff,0xd7,0xd4,0xcf,0xff,
0x4a,0x4a,0x4c,0xff,0x1c,0x1c,0x21,0xff,0x47,0x47,0x4f,0xff,0x55,0x55,0x5e,0xff,0x30,0x30,0x35,0xff,0x0a,0x0a,0x0c,0xff,
0x0a,0x0a,0x0c,0xff,0x0a,0x0a,0x0c,0xff,0x0a,0x0a,0x0c,0xff,0x0a,0x0a,0x0c,0xff,0x0a,0x0a,0x0c,0xff,0x30,0x30,0x35,0xff,
0x55,0x55,0x5e,0xff,0x54,0x74,0x70,0xff,0x4f,0xd1,0xa5,0xff,0x4f,0xd1,0xa5,0xff,0x4f,0xd1,0xa5,0xff,0x4f,0xd1,0xa5,0xff,
0x4f,0xd1,0xa5,0xff,0x4f,0xd1,0xa5,0xff,0x4f,0xd1,0xa5,0xff,0x4f,0xd1,0xa5,0xff,0x4f,0xd1,0xa5,0xff,0x4f,0xd1,0xa5,0xff,
0x54,0x74,0x70,0xff,0x55,0x55,0x5e,0xff,0x55,0x55,0x5e,0xff,0x4e,0x4e,0x57,0xff,0x1c,0x1c,0x21,0xff,0x1c,0x1c,0x21,0xff,
0x1c,0x1c,0x21,0xff,0x1c,0x1c,0x21,0xff,0x1c,0x1c,0x21,0xff,0x1c,0x1c,0x21,0xff,0x4e,0x4e,0x57,0xff,0x55,0x55,0x5e,0xff,
0x30,0x30,0x35,0xff,0x0a,0x0a,0x0c,0xff,0x0a,0x0a,0x0c,0xff,0x0a,0x0a,0x0c,0xff,0x0a,0x0a,0x0c,0xff,0x0a,0x0a,0x0c,0xff,
0x0a,0x0a,0x0c,0xff,0x30,0x30,0x35,0xff,0x55,0x55,0x5e,0xff,0x55,0x5c,0x62,0xff,0x50,0xc0,0x9b,0xff,0x4f,0xd1,0xa5,0xff,
0x4f,0xd1,0xa5,0xff,0x4f,0xd1,0xa5,0xff,0x4f,0xd1,0xa5,0xff,0x4f,0xd1,0xa5,0xff,0x4f,0xd1,0xa5,0xff,0x4f,0xd1,0xa5,0xff,
0x4f,0xd1,0xa5,0xff,0x50,0xc0,0x9b,0xff,0x55,0x5c,0x62,0xff,0x55,0x55,0x5e,0xff,0x55,0x55,0x5e,0xff,0x55,0x55,0x5e,0xff,
0x2b,0x2b,0x31,0xff,0x1c,0x1c,0x21,0xff,0x1c,0x1c,0x21,0xff,0x1c,0x1c,0x21,0xff,0x1c,0x1c,0x21,0xff,0x2b,0x2b,0x31,0xff,
0x55,0x55,0x5e,0xff,0x55,0x55,0x5e,0xff,0x30,0x30,0x35,0xff,0x0a,0x0a,0x0c,0xff,0x0a,0x0a,0x0c,0xff,0x0a,0x0a,0x0c,0xff,
0x0a,0x0a,0x0c,0xff,0x0a,0x0a,0x0c,0xff,0x0a,0x0a,0x0c,0xff,0x30,0x30,0x35,0xff,0x55,0x55,0x5e,0xff,0x55,0x55,0x5e,0xff,
0x55,0x55,0x5e,0xff,0x55,0x55,0x5e,0xff,0x55,0x55,0x5e,0xff,0x55,0x55,0x5e,0xff,0x55,0x55,0x5e,0xff,0x55,0x55,0x5e,0xff,
0x55,0x55,0x5e,0xff,0x55,0x55,0x5e,0xff,0x55,0x55,0x5e,0xff,0x55,0x55,0x5e,0xff,0x55,0x55,0x5e,0xff,0x55,0x55,0x5e,0xff,
0x55,0x55,0x5e,0xff,0x55,0x55,0x5e,0xff,0x53,0x53,0x5c,0xff,0x3c,0x3c,0x43,0xff,0x2f,0x2f,0x35,0xff,0x2f,0x2f,0x35,0xff,
0x3c,0x3c,0x43,0xff,0x53,0x53,0x5c,0xff,0x55,0x55,0x5e,0xff,0x55,0x55,0x5e,0xff,0x30,0x30,0x35,0xff,0x0a,0x0a,0x0c,0xff,
0x0a,0x0a,0x0c,0xff,0x0a,0x0a,0x0c,0xff,0x0b,0x0b,0x0c,0xe8,0x0a,0x0a,0x0c,0xff,0x0a,0x0a,0x0c,0xff,0x11,0x11,0x14,0xff,
0x4e,0x4e,0x56,0xff,0x55,0x55,0x5e,0xff,0x55,0x55,0x5e,0xff,0x55,0x55,0x5e,0xff,0x55,0x55,0x5e,0xff,0x55,0x55,0x5e,0xff,
0x55,0x55,0x5e,0xff,0x55,0x55,0x5e,0xff,0x55,0x55,0x5e,0xff,0x55,0x55,0x5e,0xff,0x55,0x55,0x5e,0xff,0x55,0x55,0x5e,0xff,
0x55,0x55,0x5e,0xff,0x55,0x55,0x5e,0xff,0x55,0x55,0x5e,0xff,0x55,0x55,0x5e,0xff,0x55,0x55,0x5e,0xff,0x55,0x55,0x5e,0xff,
0x55,0x55,0x5e,0xff,0x55,0x55,0x5e,0xff,0x55,0x55,0x5e,0xff,0x55,0x55,0x5e,0xff,0x55,0x55,0x5e,0xff,0x4e,0x4e,0x56,0xff,
0x11,0x11,0x14,0xff,0x0a,0x0a,0x0c,0xff,0x0a,0x0a,0x0c,0xff,0x0b,0x0b,0x0c,0xe8,0x0b,0x0b,0x0c,0xb8,0x0a,0x0a,0x0c,0xff,
0x0a,0x0a,0x0c,0xff,0x0a,0x0a,0x0c,0xff,0x0b,0x0b,0x0d,0xff,0x1a,0x1a,0x1e,0xff,0x1d,0x1d,0x21,0xff,0x1d,0x1d,0x21,0xff,
0x1d,0x1d,0x21,0xff,0x1d,0x1d,0x21,0xff,0x1d,0x1d,0x21,0xff,0x1d,0x1d,0x21,0xff,0x1d,0x1d,0x21,0xff,0x1d,0x1d,0x21,0xff,
0x1d,0x1d,0x21,0xff,0x1d,0x1d,0x21,0xff,0x1d,0x1d,0x21,0xff,0x1d,0x1d,0x21,0xff,0x1d,0x1d,0x21,0xff,0x1d,0x1d,0x21,0xff,
0x1d,0x1d,0x21,0xff,0x1d,0x1d,0x21,0xff,0x1d,0x1d,0x21,0xff,0x1d,0x1d,0x21,0xff,0x1d,0x1d,0x21,0xff,0x1d,0x1d,0x21,0xff,
0x1a,0x1a,0x1e,0xff,0x0b,0x0b,0x0d,0xff,0x0a,0x0a,0x0c,0xff,0x0a,0x0a,0x0c,0xff,0x0a,0x0a,0x0c,0xff,0x0b,0x0b,0x0c,0xb8,
0x0b,0x0b,0x0d,0x88,0x0a,0x0a,0x0c,0xff,0x0a,0x0a,0x0c,0xff,0x0a,0x0a,0x0c,0xff,0x0a,0x0a,0x0c,0xff,0x0a,0x0a,0x0c,0xff,
0x0a,0x0a,0x0c,0xff,0x0a,0x0a,0x0c,0xff,0x0a,0x0a,0x0c,0xff,0x0a,0x0a,0x0c,0xff,0x0a,0x0a,0x0c,0xff,0x0a,0x0a,0x0c,0xff,
0x0a,0x0a,0x0c,0xff,0x0a,0x0a,0x0c,0xff,0x0a,0x0a,0x0c,0xff,0x0a,0x0a,0x0c,0xff,0x0a,0x0a,0x0c,0xff,0x0a,0x0a,0x0c,0xff,
0x0a,0x0a,0x0c,0xff,0x0a,0x0a,0x0c,0xff,0x0a,0x0a,0x0c,0xff,0x0a,0x0a,0x0c,0xff,0x0a,0x0a,0x0c,0xff,0x0a,0x0a,0x0c,0xff,
0x0a,0x0a,0x0c,0xff,0x0a,0x0a,0x0c,0xff,0x0a,0x0a,0x0c,0xff,0x0a,0x0a,0x0c,0xff,0x0a,0x0a,0x0c,0xff,0x0a,0x0a,0x0c,0xff,
0x0a,0x0a,0x0c,0xff,0x0b,0x0b,0x0d,0x88,0x10,0x10,0x10,0x20,0x0b,0x0b,0x0d,0xef,0x0a,0x0a,0x0c,0xff,0x0a,0x0a,0x0c,0xff,
0x0a,0x0a,0x0c,0xff,0x0a,0x0a,0x0c,0xff,0x0a,0x0a,0x0c,0xff,0x0a,0x0a,0x0c,0xff,0x0a,0x0a,0x0c,0xff,0x0a,0x0a,0x0c,0xff,
0x0a,0x0a,0x0c,0xff,0x0a,0x0a,0x0c,0xff,0x0a,0x0a,0x0c,0xff,0x0a,0x0a,0x0c,0xff,0x0a,0x0a,0x0c,0xff,0x0a,0x0a,0x0c,0xff,
0x0a,0x0a,0x0c,0xff,0x0a,0x0a,0x0c,0xff,0x0a,0x0a,0x0c,0xff,0x0a,0x0a,0x0c,0xff,0x0a,0x0a,0x0c,0xff,0x0a,0x0a,0x0c,0xff,
0x0a,0x0a,0x0c,0xff,0x0a,0x0a,0x0c,0xff,0x0a,0x0a,0x0c,0xff,0x0a,0x0a,0x0c,0xff,0x0a,0x0a,0x0c,0xff,0x0a,0x0a,0x0c,0xff,
0x0a,0x0a,0x0c,0xff,0x0a,0x0a,0x0c,0xff,0x0b,0x0b,0x0d,0xef,0x10,0x10,0x10,0x1f,0x00,0x00,0x00,0x00,0x0d,0x0d,0x0d,0x4f,
0x0a,0x0a,0x0c,0xff,0x0a,0x0a,0x0c,0xff,0x0a,0x0a,0x0c,0xff,0x0a,0x0a,0x0c,0xff,0x0a,0x0a,0x0c,0xff,0x0a,0x0a,0x0c,0xff,
0x0a,0x0a,0x0c,0xff,0x0a,0x0a,0x0c,0xff,0x0a,0x0a,0x0c,0xff,0x0a,0x0a,0x0c,0xff,0x0a,0x0a,0x0c,0xff,0x0a,0x0a,0x0c,0xff,
0x0a,0x0a,0x0c,0xff,0x0a,0x0a,0x0c,0xff,0x0a,0x0a,0x0c,0xff,0x0a,0x0a,0x0c,0xff,0x0a,0x0a,0x0c,0xff,0x0a,0x0a,0x0c,0xff,
0x0a,0x0a,0x0c,0xff,0x0a,0x0a,0x0c,0xff,0x0a,0x0a,0x0c,0xff,0x0a,0x0a,0x0c,0xff,0x0a,0x0a,0x0c,0xff,0x0a,0x0a,0x0c,0xff,
0x0a,0x0a,0x0c,0xff,0x0a,0x0a,0x0c,0xff,0x0a,0x0a,0x0c,0xff,0x0a,0x0a,0x0c,0xff,0x0d,0x0d,0x0d,0x4d,0x00,0x00,0x00,0x00,
0x00,0x00,0x00,0x00,0x00,0x00,0x00,0x00,0x0a,0x0a,0x0e,0x49,0x0a,0x0a,0x0d,0xdf,0x0a,0x0a,0x0c,0xff,0x0a,0x0a,0x0c,0xff,
0x0a,0x0a,0x0c,0xff,0x0a,0x0a,0x0c,0xff,0x0a,0x0a,0x0c,0xff,0x0a,0x0a,0x0c,0xff,0x0a,0x0a,0x0c,0xff,0x0a,0x0a,0x0c,0xff,
0x0a,0x0a,0x0c,0xff,0x0a,0x0a,0x0c,0xff,0x0a,0x0a,0x0c,0xff,0x0a,0x0a,0x0c,0xff,0x0a,0x0a,0x0c,0xff,0x0a,0x0a,0x0c,0xff,
0x0a,0x0a,0x0c,0xff,0x0a,0x0a,0x0c,0xff,0x0a,0x0a,0x0c,0xff,0x0a,0x0a,0x0c,0xff,0x0a,0x0a,0x0c,0xff,0x0a,0x0a,0x0c,0xff,
0x0a,0x0a,0x0c,0xff,0x0a,0x0a,0x0c,0xff,0x0a,0x0a,0x0c,0xff,0x0a,0x0a,0x0c,0xff,0x0a,0x0a,0x0d,0xe0,0x0b,0x0b,0x0f,0x46,
0x00,0x00,0x00,0x00,0x00,0x00,0x00,0x00,0x00,0x00,0x00,0x00,0x00,0x00,0x00,0x00,0x00,0x00,0x00,0x00,0x17,0x17,0x17,0x0b,
0x0a,0x0a,0x0c,0x7c,0x0b,0x0b,0x0d,0xb4,0x0a,0x0a,0x0c,0xe3,0x0a,0x0a,0x0c,0xff,0x0a,0x0a,0x0c,0xff,0x0a,0x0a,0x0c,0xff,
0x0a,0x0a,0x0c,0xff,0x0a,0x0a,0x0c,0xff,0x0a,0x0a,0x0c,0xff,0x0a,0x0a,0x0c,0xff,0x0a,0x0a,0x0c,0xff,0x0a,0x0a,0x0c,0xff,
0x0a,0x0a,0x0c,0xff,0x0a,0x0a,0x0c,0xff,0x0a,0x0a,0x0c,0xff,0x0a,0x0a,0x0c,0xff,0x0a,0x0a,0x0c,0xff,0x0a,0x0a,0x0c,0xff,
0x0a,0x0a,0x0c,0xff,0x0a,0x0a,0x0c,0xff,0x0a,0x0a,0x0c,0xff,0x0a,0x0a,0x0c,0xe3,0x0b,0x0b,0x0d,0xb4,0x0a,0x0a,0x0c,0x7c,
0x17,0x17,0x17,0x0b,0x00,0x00,0x00,0x00,0x00,0x00,0x00,0x00,0x00,0x00,0x00,0x00,
};
static unsigned char kWindowIcon48[] = {
0x00,0x00,0x00,0x00,0x00,0x00,0x00,0x00,0x00,0x00,0x00,0x00,0x00,0x00,0x00,0x00,0x00,0x00,0x00,0x00,0x00,0x00,0x00,0x00,
0x22,0x22,0x28,0x53,0x1d,0x1d,0x20,0x9f,0x1b,0x1b,0x20,0xd0,0x1a,0x1a,0x1f,0xe9,0x16,0x16,0x18,0xff,0x15,0x15,0x19,0xff,
0x15,0x15,0x19,0xff,0x15,0x15,0x19,0xff,0x15,0x15,0x19,0xff,0x15,0x15,0x19,0xff,0x15,0x15,0x19,0xff,0x15,0x15,0x19,0xff,
0x15,0x15,0x19,0xff,0x15,0x15,0x19,0xff,0x15,0x15,0x19,0xff,0x15,0x15,0x19,0xff,0x15,0x15,0x19,0xff,0x15,0x15,0x19,0xff,
0x15,0x15,0x19,0xff,0x15,0x15,0x19,0xff,0x15,0x15,0x19,0xff,0x15,0x15,0x19,0xff,0x15,0x15,0x19,0xff,0x15,0x15,0x19,0xff,
0x15,0x15,0x19,0xff,0x15,0x15,0x19,0xff,0x15,0x15,0x19,0xff,0x15,0x15,0x19,0xff,0x15,0x15,0x19,0xff,0x15,0x15,0x19,0xff,
0x15,0x15,0x19,0xff,0x15,0x15,0x18,0xff,0x1a,0x1a,0x1f,0xe9,0x1b,0x1b,0x20,0xd0,0x1d,0x1d,0x20,0x9e,0x22,0x22,0x28,0x52,
0x00,0x00,0x00,0x00,0x00,0x00,0x00,0x00,0x00,0x00,0x00,0x00,0x00,0x00,0x00,0x00,0x00,0x00,0x00,0x00,0x00,0x00,0x00,0x00,
0x00,0x00,0x00,0x00,0x00,0x00,0x00,0x00,0x00,0x00,0x00,0x00,0x00,0x00,0x00,0x00,0x1c,0x1c,0x1c,0x24,0x1b,0x1b,0x1f,0xc0,
0x13,0x13,0x15,0xff,0x0f,0x0f,0x12,0xff,0x0c,0x0c,0x0f,0xff,0x0a,0x0a,0x0c,0xff,0x0a,0x0a,0x0c,0xff,0x0a,0x0a,0x0c,0xff,
0x0a,0x0a,0x0c,0xff,0x0a,0x0a,0x0c,0xff,0x0a,0x0a,0x0c,0xff,0x0a,0x0a,0x0c,0xff,0x0a,0x0a,0x0c,0xff,0x0a,0x0a,0x0c,0xff,
0x0a,0x0a,0x0c,0xff,0x0a,0x0a,0x0c,0xff,0x0a,0x0a,0x0c,0xff,0x0a,0x0a,0x0c,0xff,0x0a,0x0a,0x0c,0xff,0x0a,0x0a,0x0c,0xff,
0x0a,0x0a,0x0c,0xff,0x0a,0x0a,0x0c,0xff,0x0a,0x0a,0x0c,0xff,0x0a,0x0a,0x0c,0xff,0x0a,0x0a,0x0c,0xff,0x0a,0x0a,0x0c,0xff,
0x0a,0x0a,0x0c,0xff,0x0a,0x0a,0x0c,0xff,0x0a,0x0a,0x0c,0xff,0x0a,0x0a,0x0c,0xff,0x0a,0x0a,0x0c,0xff,0x0a,0x0a,0x0c,0xff,
0x0a,0x0a,0x0c,0xff,0x0a,0x0a,0x0c,0xff,0x0a,0x0a,0x0c,0xff,0x0c,0x0c,0x0f,0xff,0x0f,0x0f,0x12,0xff,0x12,0x12,0x16,0xff,
0x1b,0x1b,0x1f,0xbf,0x1f,0x1f,0x1f,0x21,0x00,0x00,0x00,0x00,0x00,0x00,0x00,0x00,0x00,0x00,0x00,0x00,0x00,0x00,0x00,0x00,
0x00,0x00,0x00,0x00,0x00,0x00,0x00,0x00,0x00,0x00,0x00,0x00,0x1e,0x1e,0x25,0x44,0x1a,0x1a,0x1d,0xed,0x0e,0x0e,0x11,0xff,
0x0a,0x0a,0x0c,0xff,0x0a,0x0a,0x0c,0xff,0x0a,0x0a,0x0c,0xff,0x0a,0x0a,0x0c,0xff,0x0a,0x0a,0x0c,0xff,0x0a,0x0a,0x0c,0xff,
0x0a,0x0a,0x0c,0xff,0x0a,0x0a,0x0c,0xff,0x0a,0x0a,0x0c,0xff,0x0a,0x0a,0x0c,0xff,0x0a,0x0a,0x0c,0xff,0x0a,0x0a,0x0c,0xff,
0x0a,0x0a,0x0c,0xff,0x0a,0x0a,0x0c,0xff,0x0a,0x0a,0x0c,0xff,0x0a,0x0a,0x0c,0xff,0x0a,0x0a,0x0c,0xff,0x0a,0x0a,0x0c,0xff,
0x0a,0x0a,0x0c,0xff,0x0a,0x0a,0x0c,0xff,0x0a,0x0a,0x0c,0xff,0x0a,0x0a,0x0c,0xff,0x0a,0x0a,0x0c,0xff,0x0a,0x0a,0x0c,0xff,
0x0a,0x0a,0x0c,0xff,0x0a,0x0a,0x0c,0xff,0x0a,0x0a,0x0c,0xff,0x0a,0x0a,0x0c,0xff,0x0a,0x0a,0x0c,0xff,0x0a,0x0a,0x0c,0xff,
0x0a,0x0a,0x0c,0xff,0x0a,0x0a,0x0c,0xff,0x0a,0x0a,0x0c,0xff,0x0a,0x0a,0x0c,0xff,0x0a,0x0a,0x0c,0xff,0x0a,0x0a,0x0c,0xff,
0x0e,0x0e,0x11,0xff,0x1a,0x1a,0x1e,0xec,0x21,0x21,0x26,0x3d,0x00,0x00,0x00,0x00,0x00,0x00,0x00,0x00,0x00,0x00,0x00,0x00,
0x00,0x00,0x00,0x00,0x00,0x00,0x00,0x00,0x1e,0x1e,0x22,0x4c,0x18,0x18,0x1c,0xf4,0x0a,0x0a,0x0c,0xff,0x0a,0x0a,0x0c,0xff,
0x0a,0x0a,0x0c,0xff,0x0a,0x0a,0x0c,0xff,0x0a,0x0a,0x0c,0xff,0x0a,0x0a,0x0c,0xff,0x0a,0x0a,0x0c,0xff,0x0a,0x0a,0x0c,0xff,
0x0a,0x0a,0x0c,0xff,0x0a,0x0a,0x0c,0xff,0x0a,0x0a,0x0c,0xff,0x0a,0x0a,0x0c,0xff,0x0a,0x0a,0x0c,0xff,0x0a,0x0a,0x0c,0xff,
0x0a,0x0a,0x0c,0xff,0x0a,0x0a,0x0c,0xff,0x0a,0x0a,0x0c,0xff,0x0a,0x0a,0x0c,0xff,0x0a,0x0a,0x0c,0xff,0x0a,0x0a,0x0c,0xff,
0x0a,0x0a,0x0c,0xff,0x0a,0x0a,0x0c,0xff,0x0a,0x0a,0x0c,0xff,0x0a,0x0a,0x0c,0xff,0x0a,0x0a,0x0c,0xff,0x0a,0x0a,0x0c,0xff,
0x0a,0x0a,0x0c,0xff,0x0a,0x0a,0x0c,0xff,0x0a,0x0a,0x0c,0xff,0x0a,0x0a,0x0c,0xff,0x0a,0x0a,0x0c,0xff,0x0a,0x0a,0x0c,0xff,
0x0a,0x0a,0x0c,0xff,0x0a,0x0a,0x0c,0xff,0x0a,0x0a,0x0c,0xff,0x0a,0x0a,0x0c,0xff,0x0a,0x0a,0x0c,0xff,0x0a,0x0a,0x0c,0xff,
0x0a,0x0a,0x0c,0xff,0x0a,0x0a,0x0c,0xff,0x18,0x18,0x1c,0xf0,0x1e,0x1e,0x21,0x4d,0x00,0x00,0x00,0x00,0x00,0x00,0x00,0x00,
0x00,0x00,0x00,0x00,0x28,0x28,0x28,0x13,0x1c,0x1c,0x1f,0xde,0x0a,0x0a,0x0c,0xff,0x0a,0x0a,0x0c,0xff,0x0a,0x0a,0x0c,0xff,
0x0a,0x0a,0x0c,0xff,0x0a,0x0a,0x0c,0xff,0x0a,0x0a,0x0c,0xff,0x0a,0x0a,0x0c,0xff,0x0a,0x0a,0x0c,0xff,0x0a,0x0a,0x0c,0xff,
0x0a,0x0a,0x0c,0xff,0x0a,0x0a,0x0c,0xff,0x0a,0x0a,0x0c,0xff,0x0a,0x0a,0x0c,0xff,0x0a,0x0a,0x0c,0xff,0x0a,0x0a,0x0c,0xff,
0x0a,0x0a,0x0c,0xff,0x0a,0x0a,0x0c,0xff,0x0a,0x0a,0x0c,0xff,0x0a,0x0a,0x0c,0xff,0x0a,0x0a,0x0c,0xff,0x0a,0x0a,0x0c,0xff,
0x0a,0x0a,0x0c,0xff,0x0a,0x0a,0x0c,0xff,0x0a,0x0a,0x0c,0xff,0x0a,0x0a,0x0c,0xff,0x0a,0x0a,0x0c,0xff,0x0a,0x0a,0x0c,0xff,
0x0a,0x0a,0x0c,0xff,0x0a,0x0a,0x0c,0xff,0x0a,0x0a,0x0c,0xff,0x0a,0x0a,0x0c,0xff,0x0a,0x0a,0x0c,0xff,0x0a,0x0a,0x0c,0xff,
0x0a,0x0a,0x0c,0xff,0x0a,0x0a,0x0c,0xff,0x0a,0x0a,0x0c,0xff,0x0a,0x0a,0x0c,0xff,0x0a,0x0a,0x0c,0xff,0x0a,0x0a,0x0c,0xff,
0x0a,0x0a,0x0c,0xff,0x0a,0x0a,0x0c,0xff,0x0a,0x0a,0x0c,0xff,0x1a,0x1a,0x20,0xde,0x2a,0x2a,0x2a,0x12,0x00,0x00,0x00,0x00,
0x00,0x00,0x00,0x00,0x1d,0x1d,0x21,0xaa,0x0e,0x0e,0x11,0xff,0x0a,0x0a,0x0c,0xff,0x0a,0x0a,0x0c,0xff,0x0a,0x0a,0x0c,0xff,
0x0a,0x0a,0x0c,0xff,0x0a,0x0a,0x0c,0xff,0x0a,0x0a,0x0c,0xff,0x0a,0x0a,0x0c,0xff,0x0a,0x0a,0x0c,0xff,0x0a,0x0a,0x0c,0xff,
0x0a,0x0a,0x0c,0xff,0x0a,0x0a,0x0c,0xff,0x0a,0x0a,0x0c,0xff,0x0a,0x0a,0x0c,0xff,0x0a,0x0a,0x0c,0xff,0x0a,0x0a,0x0c,0xff,
0x0a,0x0a,0x0c,0xff,0x0a,0x0a,0x0c,0xff,0x0a,0x0a,0x0c,0xff,0x0a,0x0a,0x0c,0xff,0x0a,0x0a,0x0c,0xff,0x0a,0x0a,0x0c,0xff,
0x0a,0x0a,0x0c,0xff,0x0a,0x0a,0x0c,0xff,0x0a,0x0a,0x0c,0xff,0x0a,0x0a,0x0c,0xff,0x0a,0x0a,0x0c,0xff,0x0a,0x0a,0x0c,0xff,
0x0a,0x0a,0x0c,0xff,0x0a,0x0a,0x0c,0xff,0x0a,0x0a,0x0c,0xff,0x0a,0x0a,0x0c,0xff,0x0a,0x0a,0x0c,0xff,0x0a,0x0a,0x0c,0xff,
0x0a,0x0a,0x0c,0xff,0x0a,0x0a,0x0c,0xff,0x0a,0x0a,0x0c,0xff,0x0a,0x0a,0x0c,0xff,0x0a,0x0a,0x0c,0xff,0x0a,0x0a,0x0c,0xff,
0x0a,0x0a,0x0c,0xff,0x0a,0x0a,0x0c,0xff,0x0a,0x0a,0x0c,0xff,0x0e,0x0e,0x11,0xff,0x1d,0x1d,0x21,0xaa,0x00,0x00,0x00,0x00,
0x29,0x29,0x2d,0x44,0x12,0x12,0x15,0xff,0x0a,0x0a,0x0c,0xff,0x0a,0x0a,0x0c,0xff,0x0a,0x0a,0x0c,0xff,0x0a,0x0a,0x0c,0xff,
0x0a,0x0a,0x0c,0xff,0x0a,0x0a,0x0c,0xff,0x0a,0x0a,0x0c,0xff,0x0a,0x0a,0x0c,0xff,0x0a,0x0a,0x0c,0xff,0x0a,0x0a,0x0c,0xff,
0x0a,0x0a,0x0c,0xff,0x0a,0x0a,0x0c,0xff,0x0a,0x0a,0x0c,0xff,0x0a,0x0a,0x0c,0xff,0x0a,0x0a,0x0c,0xff,0x0a,0x0a,0x0c,0xff,
0x0a,0x0a,0x0c,0xff,0x0a,0x0a,0x0c,0xff,0x0a,0x0a,0x0c,0xff,0x0a,0x0a,0x0c,0xff,0x0a,0x0a,0x0c,0xff,0x0a,0x0a,0x0c,0xff,
0x0a,0x0a,0x0c,0xff,0x0a,0x0a,0x0c,0xff,0x0a,0x0a,0x0c,0xff,0x0a,0x0a,0x0c,0xff,0x0a,0x0a,0x0c,0xff,0x0a,0x0a,0x0c,0xff,
0x0a,0x0a,0x0c,0xff,0x0a,0x0a,0x0c,0xff,0x0a,0x0a,0x0c,0xff,0x0a,0x0a,0x0c,0xff,0x0a,0x0a,0x0c,0xff,0x0a,0x0a,0x0c,0xff,
0x0a,0x0a,0x0c,0xff,0x0a,0x0a,0x0c,0xff,0x0a,0x0a,0x0c,0xff,0x0a,0x0a,0x0c,0xff,0x0a,0x0a,0x0c,0xff,0x0a,0x0a,0x0c,0xff,
0x0a,0x0a,0x0c,0xff,0x0a,0x0a,0x0c,0xff,0x0a,0x0a,0x0c,0xff,0x0a,0x0a,0x0c,0xff,0x15,0x15,0x17,0xf8,0x2d,0x2d,0x31,0x3e,
0x1f,0x1f,0x22,0x96,0x0f,0x0f,0x12,0xff,0x0a,0x0a,0x0c,0xff,0x0a,0x0a,0x0c,0xff,0x0a,0x0a,0x0c,0xff,0x0a,0x0a,0x0c,0xff,
0x0a,0x0a,0x0c,0xff,0x0a,0x0a,0x0c,0xff,0x0a,0x0a,0x0c,0xff,0x0a,0x0a,0x0c,0xff,0x0a,0x0a,0x0c,0xff,0x0a,0x0a,0x0c,0xff,
0x0a,0x0a,0x0c,0xff,0x0a,0x0a,0x0c,0xff,0x0a,0x0a,0x0c,0xff,0x0a,0x0a,0x0c,0xff,0x0a,0x0a,0x0c,0xff,0x0a,0x0a,0x0c,0xff,
0x0a,0x0a,0x0c,0xff,0x0a,0x0a,0x0c,0xff,0x0a,0x0a,0x0c,0xff,0x0a,0x0a,0x0c,0xff,0x0a,0x0a,0x0c,0xff,0x0a,0x0a,0x0c,0xff,
0x0a,0x0a,0x0c,0xff,0x0a,0x0a,0x0c,0xff,0x0a,0x0a,0x0c,0xff,0x0a,0x0a,0x0c,0xff,0x0a,0x0a,0x0c,0xff,0x0a,0x0a,0x0c,0xff,
0x0a,0x0a,0x0c,0xff,0x0a,0x0a,0x0c,0xff,0x0a,0x0a,0x0c,0xff,0x0a,0x0a,0x0c,0xff,0x0a,0x0a,0x0c,0xff,0x0a,0x0a,0x0c,0xff,
0x0a,0x0a,0x0c,0xff,0x0a,0x0a,0x0c,0xff,0x0a,0x0a,0x0c,0xff,0x0a,0x0a,0x0c,0xff,0x0a,0x0a,0x0c,0xff,0x0a,0x0a,0x0c,0xff,
0x0a,0x0a,0x0c,0xff,0x0a,0x0a,0x0c,0xff,0x0a,0x0a,0x0c,0xff,0x0a,0x0a,0x0c,0xff,0x0f,0x0f,0x12,0xff,0x1f,0x1f,0x22,0x95,
0x1b,0x1b,0x20,0xcf,0x0c,0x0c,0x0f,0xff,0x0a,0x0a,0x0c,0xff,0x0a,0x0a,0x0c,0xff,0x0a,0x0a,0x0c,0xff,0x0a,0x0a,0x0c,0xff,
0x0a,0x0a,0x0c,0xff,0x0a,0x0a,0x0c,0xff,0x0a,0x0a,0x0c,0xff,0x0a,0x0a,0x0c,0xff,0x0a,0x0a,0x0c,0xff,0x0a,0x0a,0x0c,0xff,
0x0a,0x0a,0x0c,0xff,0x0a,0x0a,0x0c,0xff,0x0a,0x0a,0x0c,0xff,0x0a,0x0a,0x0c,0xff,0x0a,0x0a,0x0c,0xff,0x0a,0x0a,0x0c,0xff,
0x0a,0x0a,0x0c,0xff,0x0a,0x0a,0x0c,0xff,0x0a,0x0a,0x0c,0xff,0x0a,0x0a,0x0c,0xff,0x0a,0x0a,0x0c,0xff,0x0a,0x0a,0x0c,0xff,
0x0a,0x0a,0x0c,0xff,0x0a,0x0a,0x0c,0xff,0x0a,0x0a,0x0c,0xff,0x0a,0x0a,0x0c,0xff,0x0a,0x0a,0x0c,0xff,0x0a,0x0a,0x0c,0xff,
0x0a,0x0a,0x0c,0xff,0x0a,0x0a,0x0c,0xff,0x0a,0x0a,0x0c,0xff,0x0a,0x0a,0x0c,0xff,0x0a,0x0a,0x0c,0xff,0x0a,0x0a,0x0c,0xff,
0x0a,0x0a,0x0c,0xff,0x0a,0x0a,0x0c,0xff,0x0a,0x0a,0x0c,0xff,0x0a,0x0a,0x0c,0xff,0x0a,0x0a,0x0c,0xff,0x0a,0x0a,0x0c,0xff,
0x0a,0x0a,0x0c,0xff,0x0a,0x0a,0x0c,0xff,0x0a,0x0a,0x0c,0xff,0x0a,0x0a,0x0c,0xff,0x0d,0x0d,0x0e,0xff,0x1b,0x1b,0x20,0xcf,
0x1a,0x1a,0x1e,0xeb,0x0a,0x0a,0x0c,0xff,0x0a,0x0a,0x0c,0xff,0x0a,0x0a,0x0c,0xff,0x0a,0x0a,0x0c,0xff,0x0a,0x0a,0x0c,0xff,
0x0a,0x0a,0x0c,0xff,0x0a,0x0a,0x0c,0xff,0x0a,0x0a,0x0c,0xff,0x0a,0x0a,0x0c,0xff,0x0a,0x0a,0x0c,0xff,0x0a,0x0a,0x0c,0xff,
0x0a,0x0a,0x0c,0xff,0x0a,0x0a,0x0c,0xff,0x0a,0x0a,0x0c,0xff,0x0a,0x0a,0x0c,0xff,0x0a,0x0a,0x0c,0xff,0x0a,0x0a,0x0c,0xff,
0x0a,0x0a,0x0c,0xff,0x0a,0x0a,0x0c,0xff,0x0a,0x0a,0x0c,0xff,0x0a,0x0a,0x0c,0xff,0x0a,0x0a,0x0c,0xff,0x0a,0x0a,0x0c,0xff,
0x0a,0x0a,0x0c,0xff,0x0a,0x0a,0x0c,0xff,0x0a,0x0a,0x0c,0xff,0x0a,0x0a,0x0c,0xff,0x0a,0x0a,0x0c,0xff,0x0a,0x0a,0x0c,0xff,
0x0a,0x0a,0x0c,0xff,0x0a,0x0a,0x0c,0xff,0x0a,0x0a,0x0c,0xff,0x0a,0x0a,0x0c,0xff,0x0a,0x0a,0x0c,0xff,0x0a,0x0a,0x0c,0xff,
0x0a,0x0a,0x0c,0xff,0x0a,0x0a,0x0c,0xff,0x0a,0x0a,0x0c,0xff,0x0a,0x0a,0x0c,0xff,0x0a,0x0a,0x0c,0xff,0x0a,0x0a,0x0c,0xff,
0x0a,0x0a,0x0c,0xff,0x0a,0x0a,0x0c,0xff,0x0a,0x0a,0x0c,0xff,0x0a,0x0a,0x0c,0xff,0x0a,0x0a,0x0c,0xff,0x1a,0x1a,0x1e,0xeb,
0x15,0x15,0x18,0xfa,0x0a,0x0a,0x0c,0xff,0x0a,0x0a,0x0c,0xff,0x0a,0x0a,0x0c,0xff,0x0a,0x0a,0x0c,0xff,0x0a,0x0a,0x0c,0xff,
0x0a,0x0a,0x0c,0xff,0x0a,0x0a,0x0c,0xff,0x12,0x12,0x15,0xff,0x3c,0x3c,0x42,0xff,0x50,0x50,0x58,0xff,0x51,0x51,0x59,0xff,
0x51,0x51,0x59,0xff,0x51,0x51,0x59,0xff,0x51,0x51,0x59,0xff,0x51,0x51,0x59,0xff,0x51,0x51,0x59,0xff,0x51,0x51,0x59,0xff,
0x51,0x51,0x59,0xff,0x51,0x51,0x59,0xff,0x51,0x51,0x59,0xff,0x51,0x51,0x59,0xff,0x51,0x51,0x59,0xff,0x51,0x51,0x59,0xff,
0x51,0x51,0x59,0xff,0x51,0x51,0x59,0xff,0x51,0x51,0x59,0xff,0x51,0x51,0x59,0xff,0x51,0x51,0x59,0xff,0x51,0x51,0x59,0xff,
0x51,0x51,0x59,0xff,0x51,0x51,0x59,0xff,0x51,0x51,0x59,0xff,0x51,0x51,0x59,0xff,0x51,0x51,0x59,0xff,0x51,0x51,0x59,0xff,
0x51,0x51,0x59,0xff,0x50,0x50,0x58,0xff,0x3c,0x3c,0x42,0xff,0x12,0x12,0x15,0xff,0x0a,0x0a,0x0c,0xff,0x0a,0x0a,0x0c,0xff,
0x0a,0x0a,0x0c,0xff,0x0a,0x0a,0x0c,0xff,0x0a,0x0a,0x0c,0xff,0x0a,0x0a,0x0c,0xff,0x0a,0x0a,0x0c,0xff,0x17,0x17,0x19,0xf9,
0x15,0x15,0x19,0xff,0x0a,0x0a,0x0c,0xff,0x0a,0x0a,0x0c,0xff,0x0a,0x0a,0x0c,0xff,0x0a,0x0a,0x0c,0xff,0x0a,0x0a,0x0c,0xff,
0x0a,0x0a,0x0c,0xff,0x0a,0x0a,0x0c,0xff,0x3c,0x3c,0x43,0xff,0x46,0x46,0x4e,0xff,0x44,0x44,0x4c,0xff,0x44,0x44,0x4c,0xff,
0x44,0x44,0x4c,0xff,0x44,0x44,0x4c,0xff,0x44,0x44,0x4c,0xff,0x44,0x44,0x4c,0xff,0x44,0x44,0x4c,0xff,0x44,0x44,0x4c,0xff,
0x44,0x44,0x4c,0xff,0x44,0x44,0x4c,0xff,0x44,0x44,0x4c,0xff,0x44,0x44,0x4c,0xff,0x44,0x44,0x4c,0xff,0x44,0x44,0x4c,0xff,
0x44,0x44,0x4c,0xff,0x44,0x44,0x4c,0xff,0x44,0x44,0x4c,0xff,0x44,0x44,0x4c,0xff,0x44,0x44,0x4c,0xff,0x44,0x44,0x4c,0xff,
0x44,0x44,0x4c,0xff,0x44,0x44,0x4c,0xff,0x44,0x44,0x4c,0xff,0x44,0x44,0x4c,0xff,0x44,0x44,0x4c,0xff,0x44,0x44,0x4c,0xff,
0x44,0x44,0x4c,0xff,0x44,0x44,0x4c,0xff,0x46,0x46,0x4e,0xff,0x3c,0x3c,0x43,0xff,0x0a,0x0a,0x0c,0xff,0x0a,0x0a,0x0c,0xff,
0x0a,0x0a,0x0c,0xff,0x0a,0x0a,0x0c,0xff,0x0a,0x0a,0x0c,0xff,0x0a,0x0a,0x0c,0xff,0x0a,0x0a,0x0c,0xff,0x14,0x14,0x19,0xff,
0x15,0x15,0x19,0xff,0x0a,0x0a,0x0c,0xff,0x0a,0x0a,0x0c,0xff,0x0a,0x0a,0x0c,0xff,0x0a,0x0a,0x0c,0xff,0x0a,0x0a,0x0c,0xff,
0x14,0x14,0x17,0xff,0x24,0x24,0x2a,0xff,0x4c,0x4c,0x55,0xff,0x44,0x44,0x4c,0xff,0x44,0x44,0x4c,0xff,0x44,0x44,0x4c,0xff,
0x44,0x44,0x4c,0xff,0x44,0x44,0x4c,0xff,0x44,0x44,0x4c,0xff,0x44,0x44,0x4c,0xff,0x44,0x44,0x4c,0xff,0x44,0x44,0x4c,0xff,
0x44,0x44,0x4c,0xff,0x44,0x44,0x4c,0xff,0x44,0x44,0x4c,0xff,0x44,0x44,0x4c,0xff,0x44,0x44,0x4c,0xff,0x44,0x44,0x4c,0xff,
0x44,0x44,0x4c,0xff,0x44,0x44,0x4c,0xff,0x44,0x44,0x4c,0xff,0x44,0x44,0x4c,0xff,0x44,0x44,0x4c,0xff,0x44,0x44,0x4c,0xff,
0x44,0x44,0x4c,0xff,0x44,0x44,0x4c,0xff,0x44,0x44,0x4c,0xff,0x44,0x44,0x4c,0xff,0x44,0x44,0x4c,0xff,0x44,0x44,0x4c,0xff,
0x44,0x44,0x4c,0xff,0x44,0x44,0x4c,0xff,0x44,0x44,0x4c,0xff,0x4c,0x4c,0x55,0xff,0x25,0x25,0x2a,0xff,0x14,0x14,0x17,0xff,
0x0a,0x0a,0x0c,0xff,0x0a,0x0a,0x0c,0xff,0x0a,0x0a,0x0c,0xff,0x0a,0x0a,0x0c,0xff,0x0a,0x0a,0x0c,0xff,0x14,0x14,0x19,0xff,
0x15,0x15,0x19,0xff,0x0a,0x0a,0x0c,0xff,0x0a,0x0a,0x0c,0xff,0x0a,0x0a,0x0c,0xff,0x0a,0x0a,0x0c,0xff,0x0a,0x0a,0x0c,0xff,
0x24,0x24,0x2a,0xff,0x2e,0x2e,0x35,0xff,0x4b,0x4b,0x53,0xff,0x44,0x44,0x4c,0xff,0x66,0x58,0x44,0xff,0xc8,0x90,0x2d,0xff,
0xd0,0x95,0x2b,0xff,0xd0,0x95,0x2b,0xff,0xd0,0x95,0x2b,0xff,0xd0,0x95,0x2b,0xff,0xd0,0x95,0x2b,0xff,0xd0,0x95,0x2b,0xff,
0xd0,0x95,0x2b,0xff,0xd0,0x95,0x2b,0xff,0xd0,0x95,0x2b,0xff,0xd0,0x95,0x2b,0xff,0x92,0x71,0x3a,0xff,0x44,0x44,0x4c,0xff,
0x44,0x44,0x4c,0xff,0x44,0x44,0x4c,0xff,0x44,0x44,0x4c,0xff,0x44,0x44,0x4c,0xff,0x46,0x46,0x4d,0xff,0x49,0x49,0x51,0xff,
0x44,0x44,0x4c,0xff,0x44,0x44,0x4c,0xff,0x44,0x44,0x4c,0xff,0x44,0x44,0x4c,0xff,0x44,0x44,0x4c,0xff,0x49,0x49,0x53,0xff,
0x45,0x45,0x4e,0xff,0x44,0x44,0x4c,0xff,0x44,0x44,0x4c,0xff,0x4b,0x4b,0x53,0xff,0x2e,0x2e,0x35,0xff,0x24,0x24,0x2a,0xff,
0x0a,0x0a,0x0c,0xff,0x0a,0x0a,0x0c,0xff,0x0a,0x0a,0x0c,0xff,0x0a,0x0a,0x0c,0xff,0x0a,0x0a,0x0c,0xff,0x14,0x14,0x19,0xff,
0x15,0x15,0x19,0xff,0x0a,0x0a,0x0c,0xff,0x0a,0x0a,0x0c,0xff,0x0a,0x0a,0x0c,0xff,0x0a,0x0a,0x0c,0xff,0x0a,0x0a,0x0c,0xff,
0x21,0x21,0x26,0xff,0x2e,0x2e,0x35,0xff,0x4b,0x4b,0x53,0xff,0x44,0x44,0x4c,0xff,0xb3,0x84,0x32,0xff,0xff,0xb0,0x20,0xff,
0xe9,0xa1,0x1f,0xff,0xe6,0x9f,0x1f,0xff,0xe6,0x9f,0x1f,0xff,0xe6,0x9f,0x1f,0xff,0xe6,0x9f,0x1f,0xff,0xf3,0xa8,0x1f,0xff,
0xff,0xb0,0x20,0xff,0xff,0xb0,0x20,0xff,0xff,0xb0,0x20,0xff,0xff,0xb0,0x20,0xff,0xee,0xa6,0x24,0xff,0x44,0x44,0x4c,0xff,
0x44,0x44,0x4c,0xff,0x44,0x44,0x4c,0xff,0x44,0x44,0x4c,0xff,0x53,0x52,0x59,0xff,0x43,0x43,0x4a,0xff,0x3a,0x3a,0x40,0xff,
0x48,0x48,0x51,0xff,0x49,0x49,0x50,0xff,0x44,0x44,0x4c,0xff,0x49,0x49,0x51,0xff,0x47,0x47,0x50,0xff,0x37,0x37,0x3e,0xff,
0x43,0x43,0x4b,0xff,0x4b,0x4b,0x52,0xff,0x44,0x44,0x4c,0xff,0x4b,0x4b,0x53,0xff,0x2e,0x2e,0x35,0xff,0x21,0x21,0x26,0xff,
0x0a,0x0a,0x0c,0xff,0x0a,0x0a,0x0c,0xff,0x0a,0x0a,0x0c,0xff,0x0a,0x0a,0x0c,0xff,0x0a,0x0a,0x0c,0xff,0x14,0x14,0x19,0xff,
0x15,0x15,0x19,0xff,0x0a,0x0a,0x0c,0xff,0x0a,0x0a,0x0c,0xff,0x0a,0x0a,0x0c,0xff,0x0a,0x0a,0x0c,0xff,0x0a,0x0a,0x0c,0xff,
0x21,0x21,0x26,0xff,0x2e,0x2e,0x35,0xff,0x4b,0x4b,0x53,0xff,0x44,0x44,0x4c,0xff,0xa2,0x7a,0x36,0xff,0xfa,0xad,0x20,0xff,
0xb7,0x7f,0x1b,0xff,0xb5,0x7e,0x1a,0xff,0xb5,0x7e,0x1a,0xff,0xb5,0x7e,0x1a,0xff,0xb5,0x7e,0x1a,0xff,0xce,0x8f,0x1d,0xff,
0xff,0xb0,0x20,0xff,0xff,0xb0,0x20,0xff,0xff,0xb0,0x20,0xff,0xff,0xb0,0x20,0xff,0xe7,0xa2,0x26,0xff,0x44,0x44,0x4c,0xff,
0x44,0x44,0x4c,0xff,0x44,0x44,0x4c,0xff,0x47,0x47,0x50,0xff,0x47,0x47,0x4c,0xff,0x7f,0x7d,0x7d,0xff,0x1c,0x1c,0x21,0xff,
0x1f,0x1f,0x26,0xff,0x45,0x45,0x4d,0xff,0x45,0x45,0x4e,0xff,0x43,0x43,0x4a,0xff,0x1e,0x1e,0x23,0xff,0x1c,0x1c,0x21,0xff,
0x79,0x77,0x77,0xff,0x50,0x4f,0x55,0xff,0x48,0x48,0x50,0xff,0x4b,0x4b,0x53,0xff,0x2e,0x2e,0x35,0xff,0x21,0x21,0x26,0xff,
0x0a,0x0a,0x0c,0xff,0x0a,0x0a,0x0c,0xff,0x0a,0x0a,0x0c,0xff,0x0a,0x0a,0x0c,0xff,0x0a,0x0a,0x0c,0xff,0x14,0x14,0x19,0xff,
0x15,0x15,0x19,0xff,0x0a,0x0a,0x0c,0xff,0x0a,0x0a,0x0c,0xff,0x0a,0x0a,0x0c,0xff,0x0a,0x0a,0x0c,0xff,0x0a,0x0a,0x0c,0xff,
0x1e,0x1e,0x23,0xff,0x1b,0x1b,0x1f,0xff,0x4b,0x4b,0x53,0xff,0x44,0x44,0x4c,0xff,0xa2,0x7a,0x36,0xff,0xfc,0xae,0x20,0xff,
0xcf,0x8f,0x1d,0xff,0xce,0x8f,0x1d,0xff,0xce,0x8f,0x1d,0xff,0xce,0x8f,0x1d,0xff,0xce,0x8f,0x1d,0xff,0xce,0x8f,0x1d,0xff,
0xce,0x8f,0x1d,0xff,0xce,0x8f,0x1d,0xff,0xe7,0xa0,0x1f,0xff,0xff,0xb0,0x20,0xff,0xe7,0xa2,0x26,0xff,0x44,0x44,0x4c,0xff,
0x44,0x44,0x4c,0xff,0x44,0x44,0x4c,0xff,0x46,0x46,0x4e,0xff,0x22,0x22,0x28,0xff,0x54,0x53,0x54,0xff,0x5d,0x5c,0x5e,0xff,
0x1c,0x1c,0x21,0xff,0x34,0x34,0x3b,0xff,0x4e,0x4e,0x58,0xff,0x2e,0x2e,0x34,0xff,0x1c,0x1c,0x21,0xff,0x6a,0x69,0x69,0xff,
0x46,0x46,0x48,0xff,0x26,0x26,0x2b,0xff,0x47,0x47,0x4f,0xff,0x4b,0x4b,0x53,0xff,0x1b,0x1b,0x1f,0xff,0x1e,0x1e,0x23,0xff,
0x0a,0x0a,0x0c,0xff,0x0a,0x0a,0x0c,0xff,0x0a,0x0a,0x0c,0xff,0x0a,0x0a,0x0c,0xff,0x0a,0x0a,0x0c,0xff,0x14,0x14,0x19,0xff,
0x15,0x15,0x19,0xff,0x0a,0x0a,0x0c,0xff,0x0a,0x0a,0x0c,0xff,0x0a,0x0a,0x0c,0xff,0x0a,0x0a,0x0c,0xff,0x0a,0x0a,0x0c,0xff,
0x20,0x20,0x25,0xff,0x23,0x23,0x28,0xff,0x4b,0x4b,0x53,0xff,0x44,0x44,0x4c,0xff,0x99,0x75,0x38,0xff,0xff,0xb0,0x20,0xff,
0xe8,0xa0,0x1f,0xff,0xe6,0x9f,0x1f,0xff,0xe6,0x9f,0x1f,0xff,0xe6,0x9f,0x1f,0xff,0xe6,0x9f,0x1f,0xff,0xe6,0x9f,0x1f,0xff,
0xe6,0x9f,0x1f,0xff,0xe6,0x9f,0x1f,0xff,0xf7,0xab,0x20,0xff,0xff,0xb0,0x20,0xff,0xdf,0x9e,0x28,0xff,0x44,0x44,0x4c,0xff,
0x44,0x44,0x4c,0xff,0x44,0x44,0x4c,0xff,0x44,0x44,0x4c,0xff,0x27,0x27,0x2c,0xff,0x1c,0x1c,0x21,0xff,0x25,0x24,0x29,0xff,
0x20,0x20,0x24,0xff,0x3c,0x3c,0x44,0xff,0x4b,0x4b,0x52,0xff,0x33,0x33,0x3a,0xff,0x20,0x20,0x25,0xff,0x20,0x20,0x24,0xff,
0x1c,0x1c,0x21,0xff,0x2b,0x2b,0x30,0xff,0x47,0x47,0x4f,0xff,0x4b,0x4b,0x53,0xff,0x23,0x23,0x28,0xff,0x20,0x20,0x25,0xff,
0x0a,0x0a,0x0c,0xff,0x0a,0x0a,0x0c,0xff,0x0a,0x0a,0x0c,0xff,0x0a,0x0a,0x0c,0xff,0x0a,0x0a,0x0c,0xff,0x14,0x14,0x19,0xff,
0x15,0x15,0x19,0xff,0x0a,0x0a,0x0c,0xff,0x0a,0x0a,0x0c,0xff,0x0a,0x0a,0x0c,0xff,0x0a,0x0a,0x0c,0xff,0x0a,0x0a,0x0c,0xff,
0x21,0x21,0x26,0xff,0x2e,0x2e,0x35,0xff,0x4b,0x4b,0x53,0xff,0x44,0x44,0x4c,0xff,0x53,0x4d,0x49,0xff,0x9a,0x76,0x38,0xff,
0xa2,0x7a,0x36,0xff,0xa2,0x7a,0x36,0xff,0xa2,0x7a,0x36,0xff,0xa2,0x7a,0x36,0xff,0xa2,0x7a,0x36,0xff,0xa2,0x7a,0x36,0xff,
0xa2,0x7a,0x36,0xff,0xa2,0x7a,0x36,0xff,0xa2,0x7a,0x36,0xff,0xa1,0x7a,0x36,0xff,0x6e,0x5c,0x42,0xff,0x44,0x44,0x4c,0xff,
0x44,0x44,0x4c,0xff,0x44,0x44,0x4c,0xff,0x46,0x46,0x4f,0xff,0x3c,0x3c,0x42,0xff,0x26,0x26,0x2c,0xff,0x21,0x21,0x25,0xff,
0x2f,0x2f,0x36,0xff,0x46,0x46,0x4d,0xff,0x44,0x44,0x4c,0xff,0x44,0x44,0x4c,0xff,0x2b,0x2b,0x31,0xff,0x20,0x20,0x25,0xff,
0x27,0x27,0x2d,0xff,0x3f,0x3f,0x47,0xff,0x47,0x47,0x4e,0xff,0x4b,0x4b,0x53,0xff,0x2e,0x2e,0x35,0xff,0x21,0x21,0x26,0xff,
0x0a,0x0a,0x0c,0xff,0x0a,0x0a,0x0c,0xff,0x0a,0x0a,0x0c,0xff,0x0a,0x0a,0x0c,0xff,0x0a,0x0a,0x0c,0xff,0x14,0x14,0x19,0xff,
0x15,0x15,0x19,0xff,0x0a,0x0a,0x0c,0xff,0x0a,0x0a,0x0c,0xff,0x0a,0x0a,0x0c,0xff,0x0a,0x0a,0x0c,0xff,0x0a,0x0a,0x0c,0xff,
0x21,0x21,0x26,0xff,0x2e,0x2e,0x35,0xff,0x4b,0x4b,0x53,0xff,0x44,0x44,0x4c,0xff,0x44,0x44,0x4c,0xff,0x44,0x44,0x4c,0xff,
0x44,0x44,0x4c,0xff,0x44,0x44,0x4c,0xff,0x44,0x44,0x4c,0xff,0x44,0x44,0x4c,0xff,0x44,0x44,0x4c,0xff,0x44,0x44,0x4c,0xff,
0x44,0x44,0x4c,0xff,0x44,0x44,0x4c,0xff,0x44,0x44,0x4c,0xff,0x44,0x44,0x4c,0xff,0x44,0x44,0x4c,0xff,0x44,0x44,0x4c,0xff,
0x44,0x44,0x4c,0xff,0x44,0x44,0x4c,0xff,0x44,0x44,0x4c,0xff,0x46,0x46,0x4f,0xff,0x43,0x43,0x4c,0xff,0x42,0x42,0x4b,0xff,
0x47,0x47,0x4d,0xff,0x45,0x45,0x4d,0xff,0x44,0x44,0x4c,0xff,0x45,0x45,0x4d,0xff,0x45,0x45,0x4d,0xff,0x43,0x43,0x4c,0xff,
0x44,0x44,0x4c,0xff,0x47,0x47,0x4f,0xff,0x44,0x44,0x4c,0xff,0x4b,0x4b,0x53,0xff,0x2e,0x2e,0x35,0xff,0x21,0x21,0x26,0xff,
0x0a,0x0a,0x0c,0xff,0x0a,0x0a,0x0c,0xff,0x0a,0x0a,0x0c,0xff,0x0a,0x0a,0x0c,0xff,0x0a,0x0a,0x0c,0xff,0x14,0x14,0x19,0xff,
0x15,0x15,0x19,0xff,0x0a,0x0a,0x0c,0xff,0x0a,0x0a,0x0c,0xff,0x0a,0x0a,0x0c,0xff,0x0a,0x0a,0x0c,0xff,0x0a,0x0a,0x0c,0xff,
0x1d,0x1d,0x22,0xff,0x2e,0x2e,0x35,0xff,0x4b,0x4b,0x53,0xff,0x44,0x44,0x4c,0xff,0x3c,0x3c,0x43,0xff,0x2b,0x2b,0x31,0xff,
0x2b,0x2b,0x31,0xff,0x40,0x40,0x47,0xff,0x31,0x31,0x37,0xff,0x2a,0x2a,0x30,0xff,0x32,0x32,0x39,0xff,0x3e,0x3e,0x46,0xff,
0x2b,0x2b,0x31,0xff,0x2b,0x2b,0x31,0xff,0x3d,0x3d,0x44,0xff,0x74,0x60,0x41,0xff,0x69,0x59,0x44,0xff,0x44,0x44,0x4c,0xff,
0x44,0x44,0x4c,0xff,0x44,0x44,0x4c,0xff,0x44,0x44,0x4c,0xff,0x44,0x44,0x4c,0xff,0x44,0x44,0x4c,0xff,0x44,0x44,0x4c,0xff,
0x44,0x44,0x4c,0xff,0x44,0x44,0x4c,0xff,0x44,0x44,0x4c,0xff,0x44,0x44,0x4c,0xff,0x44,0x44,0x4c,0xff,0x44,0x44,0x4c,0xff,
0x44,0x44,0x4c,0xff,0x44,0x44,0x4c,0xff,0x44,0x44,0x4c,0xff,0x4b,0x4b,0x53,0xff,0x2e,0x2e,0x35,0xff,0x1d,0x1d,0x22,0xff,
0x0a,0x0a,0x0c,0xff,0x0a,0x0a,0x0c,0xff,0x0a,0x0a,0x0c,0xff,0x0a,0x0a,0x0c,0xff,0x0a,0x0a,0x0c,0xff,0x14,0x14,0x19,0xff,
0x15,0x15,0x19,0xff,0x0a,0x0a,0x0c,0xff,0x0a,0x0a,0x0c,0xff,0x0a,0x0a,0x0c,0xff,0x0a,0x0a,0x0c,0xff,0x0a,0x0a,0x0c,0xff,
0x0c,0x0c,0x0e,0xff,0x1b,0x1b,0x1f,0xff,0x4a,0x4a,0x52,0xff,0x44,0x44,0x4c,0xff,0x41,0x41,0x49,0xff,0x38,0x38,0x3f,0xff,
0x38,0x38,0x3f,0xff,0x43,0x43,0x4b,0xff,0x3c,0x3c,0x43,0xff,0x37,0x37,0x3e,0xff,0x3d,0x3d,0x44,0xff,0x43,0x43,0x4b,0xff,
0x38,0x38,0x3f,0xff,0x38,0x38,0x3f,0xff,0x42,0x42,0x4a,0xff,0x44,0x44,0x4c,0xff,0x44,0x44,0x4c,0xff,0x44,0x44,0x4c,0xff,
0x44,0x44,0x4c,0xff,0x44,0x44,0x4c,0xff,0x44,0x44,0x4c,0xff,0x44,0x44,0x4c,0xff,0x44,0x44,0x4c,0xff,0x44,0x44,0x4c,0xff,
0x44,0x44,0x4c,0xff,0x44,0x44,0x4c,0xff,0x44,0x44,0x4c,0xff,0x44,0x44,0x4c,0xff,0x44,0x44,0x4c,0xff,0x44,0x44,0x4c,0xff,
0x44,0x44,0x4c,0xff,0x44,0x44,0x4c,0xff,0x44,0x44,0x4c,0xff,0x4a,0x4a,0x52,0xff,0x1a,0x1a,0x1f,0xff,0x0c,0x0c,0x0e,0xff,
0x0a,0x0a,0x0c,0xff,0x0a,0x0a,0x0c,0xff,0x0a,0x0a,0x0c,0xff,0x0a,0x0a,0x0c,0xff,0x0a,0x0a,0x0c,0xff,0x14,0x14,0x19,0xff,
0x15,0x15,0x19,0xff,0x0a,0x0a,0x0c,0xff,0x0a,0x0a,0x0c,0xff,0x0a,0x0a,0x0c,0xff,0x0a,0x0a,0x0c,0xff,0x0a,0x0a,0x0c,0xff,
0x0a,0x0a,0x0c,0xff,0x0a,0x0a,0x0c,0xff,0x30,0x30,0x35,0xff,0x46,0x46,0x4e,0xff,0x44,0x44,0x4c,0xff,0x44,0x44,0x4c,0xff,
0x44,0x44,0x4c,0xff,0x44,0x44,0x4c,0xff,0x44,0x44,0x4c,0xff,0x44,0x44,0x4c,0xff,0x44,0x44,0x4c,0xff,0x44,0x44,0x4c,0xff,
0x44,0x44,0x4c,0xff,0x44,0x44,0x4c,0xff,0x44,0x44,0x4c,0xff,0x44,0x44,0x4c,0xff,0x44,0x44,0x4c,0xff,0x44,0x44,0x4c,0xff,
0x44,0x44,0x4c,0xff,0x44,0x44,0x4c,0xff,0x44,0x44,0x4c,0xff,0x44,0x44,0x4c,0xff,0x44,0x44,0x4c,0xff,0x44,0x44,0x4c,0xff,
0x44,0x44,0x4c,0xff,0x44,0x44,0x4c,0xff,0x44,0x44,0x4c,0xff,0x44,0x44,0x4c,0xff,0x44,0x44,0x4c,0xff,0x44,0x44,0x4c,0xff,
0x44,0x44,0x4c,0xff,0x44,0x44,0x4c,0xff,0x46,0x46,0x4e,0xff,0x30,0x30,0x35,0xff,0x0a,0x0a,0x0c,0xff,0x0a,0x0a,0x0c,0xff,
0x0a,0x0a,0x0c,0xff,0x0a,0x0a,0x0c,0xff,0x0a,0x0a,0x0c,0xff,0x0a,0x0a,0x0c,0xff,0x0a,0x0a,0x0c,0xff,0x14,0x14,0x19,0xff,
0x15,0x15,0x19,0xff,0x0a,0x0a,0x0c,0xff,0x0a,0x0a,0x0c,0xff,0x0a,0x0a,0x0c,0xff,0x0a,0x0a,0x0c,0xff,0x0a,0x0a,0x0c,0xff,
0x0a,0x0a,0x0c,0xff,0x0a,0x0a,0x0c,0xff,0x0a,0x0a,0x0c,0xff,0x0f,0x0f,0x11,0xff,0x2a,0x2a,0x2f,0xff,0x2c,0x2c,0x31,0xff,
0x2c,0x2c,0x31,0xff,0x2c,0x2c,0x31,0xff,0x2c,0x2c,0x31,0xff,0x2c,0x2c,0x31,0xff,0x2c,0x2c,0x31,0xff,0x2c,0x2c,0x31,0xff,
0x2c,0x2c,0x31,0xff,0x2c,0x2c,0x31,0xff,0x2c,0x2c,0x31,0xff,0x2c,0x2c,0x31,0xff,0x2c,0x2c,0x31,0xff,0x2c,0x2c,0x31,0xff,
0x2c,0x2c,0x31,0xff,0x2c,0x2c,0x31,0xff,0x2c,0x2c,0x31,0xff,0x2c,0x2c,0x31,0xff,0x2c,0x2c,0x31,0xff,0x2c,0x2c,0x31,0xff,
0x2c,0x2c,0x31,0xff,0x2c,0x2c,0x31,0xff,0x2c,0x2c,0x31,0xff,0x2c,0x2c,0x31,0xff,0x2c,0x2c,0x31,0xff,0x2c,0x2c,0x31,0xff,
0x2c,0x2c,0x31,0xff,0x2a,0x2a,0x2f,0xff,0x0f,0x0f,0x11,0xff,0x0a,0x0a,0x0c,0xff,0x0a,0x0a,0x0c,0xff,0x0a,0x0a,0x0c,0xff,
0x0a,0x0a,0x0c,0xff,0x0a,0x0a,0x0c,0xff,0x0a,0x0a,0x0c,0xff,0x0a,0x0a,0x0c,0xff,0x0a,0x0a,0x0c,0xff,0x14,0x14,0x19,0xff,
0x15,0x15,0x19,0xff,0x0a,0x0a,0x0c,0xff,0x0a,0x0a,0x0c,0xff,0x0a,0x0a,0x0c,0xff,0x0a,0x0a,0x0c,0xff,0x0a,0x0a,0x0c,0xff,
0x0a,0x0a,0x0c,0xff,0x0a,0x0a,0x0c,0xff,0x0a,0x0a,0x0c,0xff,0x0d,0x0d,0x0f,0xff,0x22,0x22,0x26,0xff,0x23,0x23,0x27,0xff,
0x23,0x23,0x27,0xff,0x23,0x23,0x27,0xff,0x23,0x23,0x27,0xff,0x23,0x23,0x27,0xff,0x23,0x23,0x27,0xff,0x23,0x23,0x27,0xff,
0x23,0x23,0x27,0xff,0x23,0x23,0x27,0xff,0x23,0x23,0x27,0xff,0x23,0x23,0x27,0xff,0x23,0x23,0x27,0xff,0x23,0x23,0x27,0xff,
0x23,0x23,0x27,0xff,0x23,0x23,0x27,0xff,0x23,0x23,0x27,0xff,0x23,0x23,0x27,0xff,0x23,0x23,0x27,0xff,0x23,0x23,0x27,0xff,
0x23,0x23,0x27,0xff,0x23,0x23,0x27,0xff,0x23,0x23,0x27,0xff,0x23,0x23,0x27,0xff,0x23,0x23,0x27,0xff,0x23,0x23,0x27,0xff,
0x23,0x23,0x27,0xff,0x22,0x22,0x26,0xff,0x0d,0x0d,0x0f,0xff,0x0a,0x0a,0x0c,0xff,0x0a,0x0a,0x0c,0xff,0x0a,0x0a,0x0c,0xff,
0x0a,0x0a,0x0c,0xff,0x0a,0x0a,0x0c,0xff,0x0a,0x0a,0x0c,0xff,0x0a,0x0a,0x0c,0xff,0x0a,0x0a,0x0c,0xff,0x14,0x14,0x19,0xff,
0x15,0x15,0x19,0xff,0x0a,0x0a,0x0c,0xff,0x0a,0x0a,0x0c,0xff,0x0a,0x0a,0x0c,0xff,0x0a,0x0a,0x0c,0xff,0x0a,0x0a,0x0c,0xff,
0x0a,0x0a,0x0c,0xff,0x0a,0x0a,0x0c,0xff,0x2a,0x2a,0x2e,0xff,0x57,0x57,0x60,0xff,0x4f,0x4f,0x58,0xff,0x4f,0x4f,0x57,0xff,
0x4f,0x4f,0x57,0xff,0x4f,0x4f,0x57,0xff,0x4f,0x4f,0x57,0xff,0x4f,0x4f,0x57,0xff,0x4f,0x4f,0x57,0xff,0x4f,0x4f,0x57,0xff,
0x4f,0x4f,0x57,0xff,0x4f,0x4f,0x57,0xff,0x4f,0x4f,0x57,0xff,0x4f,0x4f,0x57,0xff,0x4f,0x4f,0x57,0xff,0x4f,0x4f,0x57,0xff,
0x4f,0x4f,0x57,0xff,0x4f,0x4f,0x57,0xff,0x4f,0x4f,0x57,0xff,0x4f,0x4f,0x57,0xff,0x4f,0x4f,0x57,0xff,0x4f,0x4f,0x57,0xff,
0x4f,0x4f,0x57,0xff,0x4f,0x4f,0x57,0xff,0x4f,0x4f,0x57,0xff,0x4f,0x4f,0x57,0xff,0x4f,0x4f,0x57,0xff,0x4f,0x4f,0x57,0xff,
0x4f,0x4f,0x57,0xff,0x4f,0x4f,0x58,0xff,0x57,0x57,0x60,0xff,0x2a,0x2a,0x2e,0xff,0x0a,0x0a,0x0c,0xff,0x0a,0x0a,0x0c,0xff,
0x0a,0x0a,0x0c,0xff,0x0a,0x0a,0x0c,0xff,0x0a,0x0a,0x0c,0xff,0x0a,0x0a,0x0c,0xff,0x0a,0x0a,0x0c,0xff,0x14,0x14,0x19,0xff,
0x15,0x15,0x19,0xff,0x0a,0x0a,0x0c,0xff,0x0a,0x0a,0x0c,0xff,0x0a,0x0a,0x0c,0xff,0x0a,0x0a,0x0c,0xff,0x0a,0x0a,0x0c,0xff,
0x0a,0x0a,0x0c,0xff,0x12,0x12,0x16,0xff,0x4a,0x4a,0x52,0xff,0x44,0x44,0x4c,0xff,0x44,0x44,0x4c,0xff,0x44,0x44,0x4c,0xff,
0x44,0x44,0x4c,0xff,0x44,0x44,0x4c,0xff,0x44,0x44,0x4c,0xff,0x44,0x44,0x4c,0xff,0x44,0x44,0x4c,0xff,0x44,0x44,0x4c,0xff,
0x44,0x44,0x4c,0xff,0x44,0x44,0x4c,0xff,0x44,0x44,0x4c,0xff,0x44,0x44,0x4c,0xff,0x44,0x44,0x4c,0xff,0x44,0x44,0x4c,0xff,
0x44,0x44,0x4c,0xff,0x44,0x44,0x4c,0xff,0x44,0x44,0x4c,0xff,0x44,0x44,0x4c,0xff,0x44,0x44,0x4c,0xff,0x44,0x44,0x4c,0xff,
0x44,0x44,0x4c,0xff,0x44,0x44,0x4c,0xff,0x44,0x44,0x4c,0xff,0x44,0x44,0x4c,0xff,0x44,0x44,0x4c,0xff,0x44,0x44,0x4c,0xff,
0x44,0x44,0x4c,0xff,0x44,0x44,0x4c,0xff,0x44,0x44,0x4c,0xff,0x4a,0x4a,0x52,0xff,0x13,0x13,0x16,0xff,0x0a,0x0a,0x0c,0xff,
0x0a,0x0a,0x0c,0xff,0x0a,0x0a,0x0c,0xff,0x0a,0x0a,0x0c,0xff,0x0a,0x0a,0x0c,0xff,0x0a,0x0a,0x0c,0xff,0x14,0x14,0x19,0xff,
0x15,0x15,0x19,0xff,0x0a,0x0a,0x0c,0xff,0x0a,0x0a,0x0c,0xff,0x0a,0x0a,0x0c,0xff,0x0a,0x0a,0x0c,0xff,0x0a,0x0a,0x0c,0xff,
0x1f,0x1f,0x24,0xff,0x2e,0x2e,0x35,0xff,0x48,0x48,0x50,0xff,0x44,0x44,0x4c,0xff,0x44,0x45,0x4d,0xff,0x46,0x61,0x5e,0xff,
0x47,0x67,0x62,0xff,0x47,0x67,0x62,0xff,0x47,0x67,0x62,0xff,0x47,0x67,0x62,0xff,0x47,0x67,0x62,0xff,0x47,0x67,0x62,0xff,
0x47,0x67,0x62,0xff,0x47,0x67,0x62,0xff,0x47,0x67,0x62,0xff,0x47,0x67,0x62,0xff,0x45,0x4c,0x51,0xff,0x44,0x44,0x4c,0xff,
0x44,0x44,0x4c,0xff,0x44,0x44,0x4c,0xff,0x44,0x44,0x4c,0xff,0x44,0x44,0x4c,0xff,0x44,0x44,0x4c,0xff,0x44,0x44,0x4c,0xff,
0x44,0x44,0x4c,0xff,0x44,0x44,0x4c,0xff,0x44,0x44,0x4c,0xff,0x44,0x44,0x4c,0xff,0x44,0x44,0x4c,0xff,0x44,0x44,0x4c,0xff,
0x44,0x44,0x4c,0xff,0x44,0x44,0x4c,0xff,0x44,0x44,0x4c,0xff,0x48,0x48,0x50,0xff,0x2e,0x2e,0x35,0xff,0x1e,0x1e,0x22,0xff,
0x0a,0x0a,0x0c,0xff,0x0a,0x0a,0x0c,0xff,0x0a,0x0a,0x0c,0xff,0x0a,0x0a,0x0c,0xff,0x0a,0x0a,0x0c,0xff,0x14,0x14,0x19,0xff,
0x15,0x15,0x19,0xff,0x0a,0x0a,0x0c,0xff,0x0a,0x0a,0x0c,0xff,0x0a,0x0a,0x0c,0xff,0x0a,0x0a,0x0c,0xff,0x0a,0x0a,0x0c,0xff,
0x21,0x21,0x26,0xff,0x2e,0x2e,0x35,0xff,0x4b,0x4b,0x53,0xff,0x44,0x44,0x4c,0xff,0x49,0x82,0x73,0xff,0x4f,0xd1,0xa5,0xff,
0x4f,0xd1,0xa5,0xff,0x4f,0xd1,0xa5,0xff,0x4f,0xd1,0xa5,0xff,0x4f,0xd1,0xa5,0xff,0x4f,0xd1,0xa5,0xff,0x4f,0xd1,0xa5,0xff,
0x4f,0xd1,0xa5,0xff,0x4f,0xd1,0xa5,0xff,0x4f,0xd1,0xa5,0xff,0x4f,0xd1,0xa5,0xff,0x4d,0xb2,0x92,0xff,0x44,0x44,0x4c,0xff,
0x44,0x44,0x4c,0xff,0x44,0x44,0x4c,0xff,0x44,0x44,0x4c,0xff,0x46,0x46,0x4f,0xff,0x44,0x44,0x4d,0xff,0x43,0x43,0x4b,0xff,
0x47,0x47,0x4d,0xff,0x45,0x45,0x4d,0xff,0x44,0x44,0x4c,0xff,0x45,0x45,0x4d,0xff,0x45,0x45,0x4d,0xff,0x52,0x51,0x58,0xff,
0x46,0x46,0x4e,0xff,0x47,0x47,0x4f,0xff,0x44,0x44,0x4c,0xff,0x4b,0x4b,0x53,0xff,0x2e,0x2e,0x35,0xff,0x21,0x21,0x26,0xff,
0x0a,0x0a,0x0c,0xff,0x0a,0x0a,0x0c,0xff,0x0a,0x0a,0x0c,0xff,0x0a,0x0a,0x0c,0xff,0x0a,0x0a,0x0c,0xff,0x14,0x14,0x19,0xff,
0x15,0x15,0x19,0xff,0x0a,0x0a,0x0c,0xff,0x0a,0x0a,0x0c,0xff,0x0a,0x0a,0x0c,0xff,0x0a,0x0a,0x0c,0xff,0x0a,0x0a,0x0c,0xff,
0x21,0x21,0x26,0xff,0x2e,0x2e,0x35,0xff,0x4b,0x4b,0x53,0xff,0x44,0x44,0x4c,0xff,0x4a,0x8b,0x79,0xff,0x4e,0xcd,0xa2,0xff,
0x3b,0x98,0x7a,0xff,0x3a,0x95,0x77,0xff,0x3a,0x95,0x77,0xff,0x3a,0x95,0x77,0xff,0x3a,0x95,0x77,0xff,0x3a,0x95,0x77,0xff,
0x3a,0x96,0x78,0xff,0x4c,0xc8,0x9e,0xff,0x4f,0xd1,0xa5,0xff,0x4f,0xd1,0xa5,0xff,0x4e,0xbf,0x9a,0xff,0x44,0x44,0x4c,0xff,
0x44,0x44,0x4c,0xff,0x44,0x44,0x4c,0xff,0x46,0x46,0x4e,0xff,0x3c,0x3c,0x43,0xff,0x26,0x26,0x2c,0xff,0x21,0x21,0x25,0xff,
0x2f,0x2f,0x35,0xff,0x45,0x45,0x4c,0xff,0x44,0x44,0x4c,0xff,0x44,0x44,0x4d,0xff,0x2b,0x2b,0x32,0xff,0x87,0x85,0x85,0xff,
0x35,0x35,0x3b,0xff,0x3e,0x3e,0x47,0xff,0x47,0x47,0x4e,0xff,0x4b,0x4b,0x53,0xff,0x2e,0x2e,0x35,0xff,0x21,0x21,0x26,0xff,
0x0a,0x0a,0x0c,0xff,0x0a,0x0a,0x0c,0xff,0x0a,0x0a,0x0c,0xff,0x0a,0x0a,0x0c,0xff,0x0a,0x0a,0x0c,0xff,0x14,0x14,0x19,0xff,
0x15,0x15,0x19,0xff,0x0a,0x0a,0x0c,0xff,0x0a,0x0a,0x0c,0xff,0x0a,0x0a,0x0c,0xff,0x0a,0x0a,0x0c,0xff,0x0a,0x0a,0x0c,0xff,
0x20,0x20,0x25,0xff,0x23,0x23,0x29,0xff,0x4b,0x4b,0x53,0xff,0x44,0x44,0x4c,0xff,0x4a,0x8b,0x79,0xff,0x4f,0xd1,0xa5,0xff,
0x49,0xbf,0x98,0xff,0x48,0xbd,0x96,0xff,0x48,0xbd,0x96,0xff,0x48,0xbd,0x96,0xff,0x4d,0xca,0xa0,0xff,0x4f,0xd1,0xa5,0xff,
0x4f,0xd1,0xa5,0xff,0x4f,0xd1,0xa5,0xff,0x4f,0xd1,0xa5,0xff,0x4f,0xd1,0xa5,0xff,0x4e,0xbf,0x9a,0xff,0x44,0x44,0x4c,0xff,
0x44,0x44,0x4c,0xff,0x44,0x44,0x4c,0xff,0x44,0x44,0x4d,0xff,0x27,0x27,0x2c,0xff,0x1e,0x1e,0x23,0xff,0x46,0x46,0x48,0xff,
0x65,0x64,0x66,0xff,0x65,0x64,0x69,0xff,0x4b,0x4b,0x52,0xff,0x34,0x34,0x3b,0xff,0x1c,0x1c,0x21,0xff,0x85,0x83,0x83,0xff,
0x2b,0x2b,0x30,0xff,0x2b,0x2b,0x30,0xff,0x47,0x47,0x4f,0xff,0x4b,0x4b,0x53,0xff,0x23,0x23,0x28,0xff,0x20,0x20,0x25,0xff,
0x0a,0x0a,0x0c,0xff,0x0a,0x0a,0x0c,0xff,0x0a,0x0a,0x0c,0xff,0x0a,0x0a,0x0c,0xff,0x0a,0x0a,0x0c,0xff,0x14,0x14,0x19,0xff,
0x15,0x15,0x19,0xff,0x0a,0x0a,0x0c,0xff,0x0a,0x0a,0x0c,0xff,0x0a,0x0a,0x0c,0xff,0x0a,0x0a,0x0c,0xff,0x0a,0x0a,0x0c,0xff,
0x1d,0x1d,0x22,0xff,0x17,0x17,0x1b,0xff,0x4b,0x4b,0x53,0xff,0x44,0x44,0x4c,0xff,0x4a,0x8b,0x79,0xff,0x4e,0xcd,0xa2,0xff,
0x3b,0x97,0x78,0xff,0x3a,0x95,0x77,0xff,0x3a,0x95,0x77,0xff,0x3a,0x95,0x77,0xff,0x44,0xb1,0x8d,0xff,0x4f,0xd1,0xa5,0xff,
0x4f,0xd1,0xa5,0xff,0x4f,0xd1,0xa5,0xff,0x4f,0xd1,0xa5,0xff,0x4f,0xd1,0xa5,0xff,0x4e,0xbf,0x9a,0xff,0x44,0x44,0x4c,0xff,
0x44,0x44,0x4c,0xff,0x44,0x44,0x4c,0xff,0x43,0x43,0x4b,0xff,0x22,0x22,0x28,0xff,0x2b,0x2b,0x30,0xff,0x6a,0x69,0x69,0xff,
0x4b,0x4a,0x4d,0xff,0x39,0x39,0x40,0xff,0x4f,0x4f,0x58,0xff,0x2c,0x2c,0x31,0xff,0x1c,0x1c,0x21,0xff,0x5c,0x5b,0x5c,0xff,
0x26,0x25,0x2a,0xff,0x26,0x26,0x2c,0xff,0x46,0x46,0x4f,0xff,0x4b,0x4b,0x53,0xff,0x17,0x17,0x1b,0xff,0x1d,0x1d,0x22,0xff,
0x0a,0x0a,0x0c,0xff,0x0a,0x0a,0x0c,0xff,0x0a,0x0a,0x0c,0xff,0x0a,0x0a,0x0c,0xff,0x0a,0x0a,0x0c,0xff,0x14,0x14,0x19,0xff,
0x15,0x15,0x19,0xff,0x0a,0x0a,0x0c,0xff,0x0a,0x0a,0x0c,0xff,0x0a,0x0a,0x0c,0xff,0x0a,0x0a,0x0c,0xff,0x0a,0x0a,0x0c,0xff,
0x21,0x21,0x26,0xff,0x2e,0x2e,0x35,0xff,0x4b,0x4b,0x53,0xff,0x44,0x44,0x4c,0xff,0x47,0x6c,0x66,0xff,0x4f,0xcb,0xa1,0xff,
0x4f,0xd1,0xa5,0xff,0x4f,0xd1,0xa5,0xff,0x4f,0xd1,0xa5,0xff,0x4f,0xd1,0xa5,0xff,0x4f,0xd1,0xa5,0xff,0x4f,0xd1,0xa5,0xff,
0x4f,0xd1,0xa5,0xff,0x4f,0xd1,0xa5,0xff,0x4f,0xd1,0xa5,0xff,0x4f,0xd0,0xa5,0xff,0x4b,0x9b,0x83,0xff,0x44,0x44,0x4c,0xff,
0x44,0x44,0x4c,0xff,0x44,0x44,0x4c,0xff,0x46,0x46,0x4d,0xff,0x31,0x31,0x38,0xff,0x1c,0x1c,0x21,0xff,0x1c,0x1c,0x21,0xff,
0x1f,0x1f,0x26,0xff,0x43,0x43,0x4a,0xff,0x45,0x45,0x4e,0xff,0x3f,0x3f,0x47,0xff,0x1e,0x1e,0x23,0xff,0x1c,0x1c,0x21,0xff,
0x1c,0x1c,0x21,0xff,0x35,0x35,0x3c,0xff,0x47,0x47,0x4f,0xff,0x4b,0x4b,0x53,0xff,0x2e,0x2e,0x35,0xff,0x21,0x21,0x26,0xff,
0x0a,0x0a,0x0c,0xff,0x0a,0x0a,0x0c,0xff,0x0a,0x0a,0x0c,0xff,0x0a,0x0a,0x0c,0xff,0x0a,0x0a,0x0c,0xff,0x14,0x14,0x19,0xff,
0x15,0x15,0x19,0xff,0x0a,0x0a,0x0c,0xff,0x0a,0x0a,0x0c,0xff,0x0a,0x0a,0x0c,0xff,0x0a,0x0a,0x0c,0xff,0x0a,0x0a,0x0c,0xff,
0x21,0x21,0x26,0xff,0x2e,0x2e,0x35,0xff,0x4b,0x4b,0x53,0xff,0x44,0x44,0x4c,0xff,0x44,0x44,0x4c,0xff,0x44,0x44,0x4c,0xff,
0x44,0x44,0x4c,0xff,0x44,0x44,0x4c,0xff,0x44,0x44,0x4c,0xff,0x44,0x44,0x4c,0xff,0x44,0x44,0x4c,0xff,0x44,0x44,0x4c,0xff,
0x44,0x44,0x4c,0xff,0x44,0x44,0x4c,0xff,0x44,0x44,0x4c,0xff,0x44,0x44,0x4c,0xff,0x44,0x44,0x4c,0xff,0x44,0x44,0x4c,0xff,
0x44,0x44,0x4c,0xff,0x44,0x44,0x4c,0xff,0x44,0x44,0x4c,0xff,0x45,0x45,0x4c,0xff,0x3d,0x3d,0x44,0xff,0x37,0x37,0x3f,0xff,
0x42,0x42,0x4a,0xff,0x46,0x46,0x4d,0xff,0x44,0x44,0x4c,0xff,0x46,0x46,0x4c,0xff,0x41,0x41,0x4a,0xff,0x36,0x36,0x3d,0xff,
0x3e,0x3e,0x46,0xff,0x44,0x44,0x4b,0xff,0x44,0x44,0x4c,0xff,0x4b,0x4b,0x53,0xff,0x2e,0x2e,0x35,0xff,0x21,0x21,0x26,0xff,
0x0a,0x0a,0x0c,0xff,0x0a,0x0a,0x0c,0xff,0x0a,0x0a,0x0c,0xff,0x0a,0x0a,0x0c,0xff,0x0a,0x0a,0x0c,0xff,0x14,0x14,0x19,0xff,
0x15,0x15,0x19,0xff,0x0a,0x0a,0x0c,0xff,0x0a,0x0a,0x0c,0xff,0x0a,0x0a,0x0c,0xff,0x0a,0x0a,0x0c,0xff,0x0a,0x0a,0x0c,0xff,
0x21,0x21,0x26,0xff,0x2e,0x2e,0x35,0xff,0x4b,0x4b,0x53,0xff,0x44,0x44,0x4c,0xff,0x3e,0x3e,0x46,0xff,0x31,0x31,0x38,0xff,
0x32,0x32,0x38,0xff,0x41,0x41,0x49,0xff,0x36,0x36,0x3d,0xff,0x31,0x31,0x37,0xff,0x37,0x37,0x3e,0xff,0x40,0x40,0x48,0xff,
0x31,0x31,0x38,0xff,0x31,0x31,0x38,0xff,0x3f,0x3f,0x47,0xff,0x46,0x58,0x59,0xff,0x45,0x53,0x55,0xff,0x44,0x44,0x4c,0xff,
0x44,0x44,0x4c,0xff,0x44,0x44,0x4c,0xff,0x44,0x44,0x4c,0xff,0x44,0x44,0x4c,0xff,0x46,0x46,0x4e,0xff,0x49,0x49,0x51,0xff,
0x44,0x44,0x4c,0xff,0x44,0x44,0x4c,0xff,0x44,0x44,0x4c,0xff,0x44,0x44,0x4c,0xff,0x44,0x44,0x4c,0xff,0x49,0x49,0x52,0xff,
0x45,0x45,0x4e,0xff,0x44,0x44,0x4c,0xff,0x44,0x44,0x4c,0xff,0x4b,0x4b,0x53,0xff,0x2e,0x2e,0x35,0xff,0x21,0x21,0x26,0xff,
0x0a,0x0a,0x0c,0xff,0x0a,0x0a,0x0c,0xff,0x0a,0x0a,0x0c,0xff,0x0a,0x0a,0x0c,0xff,0x0a,0x0a,0x0c,0xff,0x14,0x14,0x19,0xff,
0x15,0x15,0x19,0xff,0x0a,0x0a,0x0c,0xff,0x0a,0x0a,0x0c,0xff,0x0a,0x0a,0x0c,0xff,0x0a,0x0a,0x0c,0xff,0x0a,0x0a,0x0c,0xff,
0x14,0x14,0x17,0xff,0x25,0x25,0x2a,0xff,0x4a,0x4a,0x52,0xff,0x44,0x44,0x4c,0xff,0x3e,0x3e,0x46,0xff,0x31,0x31,0x38,0xff,
0x32,0x32,0x38,0xff,0x41,0x41,0x49,0xff,0x36,0x36,0x3d,0xff,0x31,0x31,0x37,0xff,0x37,0x37,0x3e,0xff,0x40,0x40,0x48,0xff,
0x31,0x31,0x38,0xff,0x31,0x31,0x38,0xff,0x3f,0x3f,0x47,0xff,0x46,0x5e,0x5c,0xff,0x46,0x56,0x57,0xff,0x44,0x44,0x4c,0xff,
0x44,0x44,0x4c,0xff,0x44,0x44,0x4c,0xff,0x44,0x44,0x4c,0xff,0x44,0x44,0x4c,0xff,0x44,0x44,0x4c,0xff,0x44,0x44,0x4c,0xff,
0x44,0x44,0x4c,0xff,0x44,0x44,0x4c,0xff,0x44,0x44,0x4c,0xff,0x44,0x44,0x4c,0xff,0x44,0x44,0x4c,0xff,0x44,0x44,0x4c,0xff,
0x44,0x44,0x4c,0xff,0x44,0x44,0x4c,0xff,0x44,0x44,0x4c,0xff,0x4a,0x4a,0x52,0xff,0x24,0x24,0x2a,0xff,0x14,0x14,0x17,0xff,
0x0a,0x0a,0x0c,0xff,0x0a,0x0a,0x0c,0xff,0x0a,0x0a,0x0c,0xff,0x0a,0x0a,0x0c,0xff,0x0a,0x0a,0x0c,0xff,0x14,0x14,0x19,0xff,
0x15,0x15,0x19,0xff,0x0a,0x0a,0x0c,0xff,0x0a,0x0a,0x0c,0xff,0x0a,0x0a,0x0c,0xff,0x0a,0x0a,0x0c,0xff,0x0a,0x0a,0x0c,0xff,
0x0a,0x0a,0x0c,0xff,0x0a,0x0a,0x0c,0xff,0x40,0x40,0x47,0xff,0x44,0x44,0x4c,0xff,0x44,0x44,0x4c,0xff,0x44,0x44,0x4c,0xff,
0x44,0x44,0x4c,0xff,0x44,0x44,0x4c,0xff,0x44,0x44,0x4c,0xff,0x44,0x44,0x4c,0xff,0x44,0x44,0x4c,0xff,0x44,0x44,0x4c,0xff,
0x44,0x44,0x4c,0xff,0x44,0x44,0x4c,0xff,0x44,0x44,0x4c,0xff,0x44,0x44,0x4c,0xff,0x44,0x44,0x4c,0xff,0x44,0x44,0x4c,0xff,
0x44,0x44,0x4c,0xff,0x44,0x44,0x4c,0xff,0x44,0x44,0x4c,0xff,0x44,0x44,0x4c,0xff,0x44,0x44,0x4c,0xff,0x44,0x44,0x4c,0xff,
0x44,0x44,0x4c,0xff,0x44,0x44,0x4c,0xff,0x44,0x44,0x4c,0xff,0x44,0x44,0x4c,0xff,0x44,0x44,0x4c,0xff,0x44,0x44,0x4c,0xff,
0x44,0x44,0x4c,0xff,0x44,0x44,0x4c,0xff,0x44,0x44,0x4c,0xff,0x40,0x40,0x47,0xff,0x0a,0x0a,0x0c,0xff,0x0a,0x0a,0x0c,0xff,
0x0a,0x0a,0x0c,0xff,0x0a,0x0a,0x0c,0xff,0x0a,0x0a,0x0c,0xff,0x0a,0x0a,0x0c,0xff,0x0a,0x0a,0x0c,0xff,0x14,0x14,0x19,0xff,
0x15,0x15,0x18,0xff,0x0a,0x0a,0x0c,0xff,0x0a,0x0a,0x0c,0xff,0x0a,0x0a,0x0c,0xff,0x0a,0x0a,0x0c,0xff,0x0a,0x0a,0x0c,0xff,
0x0a,0x0a,0x0c,0xff,0x0a,0x0a,0x0c,0xff,0x16,0x16,0x1a,0xff,0x40,0x40,0x47,0xff,0x48,0x48,0x50,0xff,0x48,0x48,0x50,0xff,
0x48,0x48,0x50,0xff,0x48,0x48,0x50,0xff,0x48,0x48,0x50,0xff,0x48,0x48,0x50,0xff,0x48,0x48,0x50,0xff,0x48,0x48,0x50,0xff,
0x48,0x48,0x50,0xff,0x48,0x48,0x50,0xff,0x48,0x48,0x50,0xff,0x48,0x48,0x50,0xff,0x48,0x48,0x50,0xff,0x48,0x48,0x50,0xff,
0x48,0x48,0x50,0xff,0x48,0x48,0x50,0xff,0x48,0x48,0x50,0xff,0x48,0x48,0x50,0xff,0x48,0x48,0x50,0xff,0x48,0x48,0x50,0xff,
0x48,0x48,0x50,0xff,0x48,0x48,0x50,0xff,0x48,0x48,0x50,0xff,0x48,0x48,0x50,0xff,0x48,0x48,0x50,0xff,0x48,0x48,0x50,0xff,
0x48,0x48,0x50,0xff,0x48,0x48,0x50,0xff,0x40,0x40,0x47,0xff,0x16,0x16,0x1a,0xff,0x0a,0x0a,0x0c,0xff,0x0a,0x0a,0x0c,0xff,
0x0a,0x0a,0x0c,0xff,0x0a,0x0a,0x0c,0xff,0x0a,0x0a,0x0c,0xff,0x0a,0x0a,0x0c,0xff,0x0a,0x0a,0x0c,0xff,0x15,0x15,0x18,0xff,
0x1b,0x1b,0x1e,0xf0,0x0a,0x0a,0x0c,0xff,0x0a,0x0a,0x0c,0xff,0x0a,0x0a,0x0c,0xff,0x0a,0x0a,0x0c,0xff,0x0a,0x0a,0x0c,0xff,
0x0a,0x0a,0x0c,0xff,0x0a,0x0a,0x0c,0xff,0x0a,0x0a,0x0c,0xff,0x0a,0x0a,0x0c,0xff,0x0a,0x0a,0x0c,0xff,0x0a,0x0a,0x0c,0xff,
0x0a,0x0a,0x0c,0xff,0x0a,0x0a,0x0c,0xff,0x0a,0x0a,0x0c,0xff,0x0a,0x0a,0x0c,0xff,0x0a,0x0a,0x0c,0xff,0x0a,0x0a,0x0c,0xff,
0x0a,0x0a,0x0c,0xff,0x0a,0x0a,0x0c,0xff,0x0a,0x0a,0x0c,0xff,0x0a,0x0a,0x0c,0xff,0x0a,0x0a,0x0c,0xff,0x0a,0x0a,0x0c,0xff,
0x0a,0x0a,0x0c,0xff,0x0a,0x0a,0x0c,0xff,0x0a,0x0a,0x0c,0xff,0x0a,0x0a,0x0c,0xff,0x0a,0x0a,0x0c,0xff,0x0a,0x0a,0x0c,0xff,
0x0a,0x0a,0x0c,0xff,0x0a,0x0a,0x0c,0xff,0x0a,0x0a,0x0c,0xff,0x0a,0x0a,0x0c,0xff,0x0a,0x0a,0x0c,0xff,0x0a,0x0a,0x0c,0xff,
0x0a,0x0a,0x0c,0xff,0x0a,0x0a,0x0c,0xff,0x0a,0x0a,0x0c,0xff,0x0a,0x0a,0x0c,0xff,0x0a,0x0a,0x0c,0xff,0x0a,0x0a,0x0c,0xff,
0x0a,0x0a,0x0c,0xff,0x0a,0x0a,0x0c,0xff,0x0a,0x0a,0x0c,0xff,0x0a,0x0a,0x0c,0xff,0x0a,0x0a,0x0c,0xff,0x1a,0x1a,0x1e,0xeb,
0x1c,0x1c,0x21,0xca,0x0c,0x0c,0x0f,0xff,0x0a,0x0a,0x0c,0xff,0x0a,0x0a,0x0c,0xff,0x0a,0x0a,0x0c,0xff,0x0a,0x0a,0x0c,0xff,
0x0a,0x0a,0x0c,0xff,0x0a,0x0a,0x0c,0xff,0x0a,0x0a,0x0c,0xff,0x0a,0x0a,0x0c,0xff,0x0a,0x0a,0x0c,0xff,0x0a,0x0a,0x0c,0xff,
0x0a,0x0a,0x0c,0xff,0x0a,0x0a,0x0c,0xff,0x0a,0x0a,0x0c,0xff,0x0a,0x0a,0x0c,0xff,0x0a,0x0a,0x0c,0xff,0x0a,0x0a,0x0c,0xff,
0x0a,0x0a,0x0c,0xff,0x0a,0x0a,0x0c,0xff,0x0a,0x0a,0x0c,0xff,0x0a,0x0a,0x0c,0xff,0x0a,0x0a,0x0c,0xff,0x0a,0x0a,0x0c,0xff,
0x0a,0x0a,0x0c,0xff,0x0a,0x0a,0x0c,0xff,0x0a,0x0a,0x0c,0xff,0x0a,0x0a,0x0c,0xff,0x0a,0x0a,0x0c,0xff,0x0a,0x0a,0x0c,0xff,
0x0a,0x0a,0x0c,0xff,0x0a,0x0a,0x0c,0xff,0x0a,0x0a,0x0c,0xff,0x0a,0x0a,0x0c,0xff,0x0a,0x0a,0x0c,0xff,0x0a,0x0a,0x0c,0xff,
0x0a,0x0a,0x0c,0xff,0x0a,0x0a,0x0c,0xff,0x0a,0x0a,0x0c,0xff,0x0a,0x0a,0x0c,0xff,0x0a,0x0a,0x0c,0xff,0x0a,0x0a,0x0c,0xff,
0x0a,0x0a,0x0c,0xff,0x0a,0x0a,0x0c,0xff,0x0a,0x0a,0x0c,0xff,0x0a,0x0a,0x0c,0xff,0x0d,0x0d,0x0e,0xff,0x1c,0x1c,0x21,0xca,
0x1f,0x1f,0x22,0x96,0x0f,0x0f,0x12,0xff,0x0a,0x0a,0x0c,0xff,0x0a,0x0a,0x0c,0xff,0x0a,0x0a,0x0c,0xff,0x0a,0x0a,0x0c,0xff,
0x0a,0x0a,0x0c,0xff,0x0a,0x0a,0x0c,0xff,0x0a,0x0a,0x0c,0xff,0x0a,0x0a,0x0c,0xff,0x0a,0x0a,0x0c,0xff,0x0a,0x0a,0x0c,0xff,
0x0a,0x0a,0x0c,0xff,0x0a,0x0a,0x0c,0xff,0x0a,0x0a,0x0c,0xff,0x0a,0x0a,0x0c,0xff,0x0a,0x0a,0x0c,0xff,0x0a,0x0a,0x0c,0xff,
0x0a,0x0a,0x0c,0xff,0x0a,0x0a,0x0c,0xff,0x0a,0x0a,0x0c,0xff,0x0a,0x0a,0x0c,0xff,0x0a,0x0a,0x0c,0xff,0x0a,0x0a,0x0c,0xff,
0x0a,0x0a,0x0c,0xff,0x0a,0x0a,0x0c,0xff,0x0a,0x0a,0x0c,0xff,0x0a,0x0a,0x0c,0xff,0x0a,0x0a,0x0c,0xff,0x0a,0x0a,0x0c,0xff,
0x0a,0x0a,0x0c,0xff,0x0a,0x0a,0x0c,0xff,0x0a,0x0a,0x0c,0xff,0x0a,0x0a,0x0c,0xff,0x0a,0x0a,0x0c,0xff,0x0a,0x0a,0x0c,0xff,
0x0a,0x0a,0x0c,0xff,0x0a,0x0a,0x0c,0xff,0x0a,0x0a,0x0c,0xff,0x0a,0x0a,0x0c,0xff,0x0a,0x0a,0x0c,0xff,0x0a,0x0a,0x0c,0xff,
0x0a,0x0a,0x0c,0xff,0x0a,0x0a,0x0c,0xff,0x0a,0x0a,0x0c,0xff,0x0a,0x0a,0x0c,0xff,0x0f,0x0f,0x12,0xff,0x1f,0x1f,0x22,0x95,
0x25,0x25,0x28,0x4c,0x13,0x13,0x16,0xff,0x0a,0x0a,0x0c,0xff,0x0a,0x0a,0x0c,0xff,0x0a,0x0a,0x0c,0xff,0x0a,0x0a,0x0c,0xff,
0x0a,0x0a,0x0c,0xff,0x0a,0x0a,0x0c,0xff,0x0a,0x0a,0x0c,0xff,0x0a,0x0a,0x0c,0xff,0x0a,0x0a,0x0c,0xff,0x0a,0x0a,0x0c,0xff,
0x0a,0x0a,0x0c,0xff,0x0a,0x0a,0x0c,0xff,0x0a,0x0a,0x0c,0xff,0x0a,0x0a,0x0c,0xff,0x0a,0x0a,0x0c,0xff,0x0a,0x0a,0x0c,0xff,
0x0a,0x0a,0x0c,0xff,0x0a,0x0a,0x0c,0xff,0x0a,0x0a,0x0c,0xff,0x0a,0x0a,0x0c,0xff,0x0a,0x0a,0x0c,0xff,0x0a,0x0a,0x0c,0xff,
0x0a,0x0a,0x0c,0xff,0x0a,0x0a,0x0c,0xff,0x0a,0x0a,0x0c,0xff,0x0a,0x0a,0x0c,0xff,0x0a,0x0a,0x0c,0xff,0x0a,0x0a,0x0c,0xff,
0x0a,0x0a,0x0c,0xff,0x0a,0x0a,0x0c,0xff,0x0a,0x0a,0x0c,0xff,0x0a,0x0a,0x0c,0xff,0x0a,0x0a,0x0c,0xff,0x0a,0x0a,0x0c,0xff,
0x0a,0x0a,0x0c,0xff,0x0a,0x0a,0x0c,0xff,0x0a,0x0a,0x0c,0xff,0x0a,0x0a,0x0c,0xff,0x0a,0x0a,0x0c,0xff,0x0a,0x0a,0x0c,0xff,
0x0a,0x0a,0x0c,0xff,0x0a,0x0a,0x0c,0xff,0x0a,0x0a,0x0c,0xff,0x0a,0x0a,0x0c,0xff,0x13,0x13,0x16,0xff,0x26,0x26,0x29,0x4a,
0x00,0x00,0x00,0x00,0x1b,0x1b,0x1f,0xbb,0x0e,0x0e,0x11,0xff,0x0a,0x0a,0x0c,0xff,0x0a,0x0a,0x0c,0xff,0x0a,0x0a,0x0c,0xff,
0x0a,0x0a,0x0c,0xff,0x0a,0x0a,0x0c,0xff,0x0a,0x0a,0x0c,0xff,0x0a,0x0a,0x0c,0xff,0x0a,0x0a,0x0c,0xff,0x0a,0x0a,0x0c,0xff,
0x0a,0x0a,0x0c,0xff,0x0a,0x0a,0x0c,0xff,0x0a,0x0a,0x0c,0xff,0x0a,0x0a,0x0c,0xff,0x0a,0x0a,0x0c,0xff,0x0a,0x0a,0x0c,0xff,
0x0a,0x0a,0x0c,0xff,0x0a,0x0a,0x0c,0xff,0x0a,0x0a,0x0c,0xff,0x0a,0x0a,0x0c,0xff,0x0a,0x0a,0x0c,0xff,0x0a,0x0a,0x0c,0xff,
0x0a,0x0a,0x0c,0xff,0x0a,0x0a,0x0c,0xff,0x0a,0x0a,0x0c,0xff,0x0a,0x0a,0x0c,0xff,0x0a,0x0a,0x0c,0xff,0x0a,0x0a,0x0c,0xff,
0x0a,0x0a,0x0c,0xff,0x0a,0x0a,0x0c,0xff,0x0a,0x0a,0x0c,0xff,0x0a,0x0a,0x0c,0xff,0x0a,0x0a,0x0c,0xff,0x0a,0x0a,0x0c,0xff,
0x0a,0x0a,0x0c,0xff,0x0a,0x0a,0x0c,0xff,0x0a,0x0a,0x0c,0xff,0x0a,0x0a,0x0c,0xff,0x0a,0x0a,0x0c,0xff,0x0a,0x0a,0x0c,0xff,
0x0a,0x0a,0x0c,0xff,0x0a,0x0a,0x0c,0xff,0x0a,0x0a,0x0c,0xff,0x0e,0x0e,0x11,0xff,0x1b,0x1b,0x20,0xba,0x00,0x00,0x00,0x00,
0x00,0x00,0x00,0x00,0x17,0x17,0x17,0x2c,0x19,0x19,0x1d,0xfc,0x0a,0x0a,0x0c,0xff,0x0a,0x0a,0x0c,0xff,0x0a,0x0a,0x0c,0xff,
0x0a,0x0a,0x0c,0xff,0x0a,0x0a,0x0c,0xff,0x0a,0x0a,0x0c,0xff,0x0a,0x0a,0x0c,0xff,0x0a,0x0a,0x0c,0xff,0x0a,0x0a,0x0c,0xff,
0x0a,0x0a,0x0c,0xff,0x0a,0x0a,0x0c,0xff,0x0a,0x0a,0x0c,0xff,0x0a,0x0a,0x0c,0xff,0x0a,0x0a,0x0c,0xff,0x0a,0x0a,0x0c,0xff,
0x0a,0x0a,0x0c,0xff,0x0a,0x0a,0x0c,0xff,0x0a,0x0a,0x0c,0xff,0x0a,0x0a,0x0c,0xff,0x0a,0x0a,0x0c,0xff,0x0a,0x0a,0x0c,0xff,
0x0a,0x0a,0x0c,0xff,0x0a,0x0a,0x0c,0xff,0x0a,0x0a,0x0c,0xff,0x0a,0x0a,0x0c,0xff,0x0a,0x0a,0x0c,0xff,0x0a,0x0a,0x0c,0xff,
0x0a,0x0a,0x0c,0xff,0x0a,0x0a,0x0c,0xff,0x0a,0x0a,0x0c,0xff,0x0a,0x0a,0x0c,0xff,0x0a,0x0a,0x0c,0xff,0x0a,0x0a,0x0c,0xff,
0x0a,0x0a,0x0c,0xff,0x0a,0x0a,0x0c,0xff,0x0a,0x0a,0x0c,0xff,0x0a,0x0a,0x0c,0xff,0x0a,0x0a,0x0c,0xff,0x0a,0x0a,0x0c,0xff,
0x0a,0x0a,0x0c,0xff,0x0a,0x0a,0x0c,0xff,0x0a,0x0a,0x0c,0xff,0x19,0x19,0x1d,0xfc,0x18,0x18,0x18,0x2a,0x00,0x00,0x00,0x00,
0x00,0x00,0x00,0x00,0x00,0x00,0x00,0x00,0x1e,0x1e,0x25,0x44,0x18,0x18,0x1c,0xf2,0x0a,0x0a,0x0c,0xff,0x0a,0x0a,0x0c,0xff,
0x0a,0x0a,0x0c,0xff,0x0a,0x0a,0x0c,0xff,0x0a,0x0a,0x0c,0xff,0x0a,0x0a,0x0c,0xff,0x0a,0x0a,0x0c,0xff,0x0a,0x0a,0x0c,0xff,
0x0a,0x0a,0x0c,0xff,0x0a,0x0a,0x0c,0xff,0x0a,0x0a,0x0c,0xff,0x0a,0x0a,0x0c,0xff,0x0a,0x0a,0x0c,0xff,0x0a,0x0a,0x0c,0xff,
0x0a,0x0a,0x0c,0xff,0x0a,0x0a,0x0c,0xff,0x0a,0x0a,0x0c,0xff,0x0a,0x0a,0x0c,0xff,0x0a,0x0a,0x0c,0xff,0x0a,0x0a,0x0c,0xff,
0x0a,0x0a,0x0c,0xff,0x0a,0x0a,0x0c,0xff,0x0a,0x0a,0x0c,0xff,0x0a,0x0a,0x0c,0xff,0x0a,0x0a,0x0c,0xff,0x0a,0x0a,0x0c,0xff,
0x0a,0x0a,0x0c,0xff,0x0a,0x0a,0x0c,0xff,0x0a,0x0a,0x0c,0xff,0x0a,0x0a,0x0c,0xff,0x0a,0x0a,0x0c,0xff,0x0a,0x0a,0x0c,0xff,
0x0a,0x0a,0x0c,0xff,0x0a,0x0a,0x0c,0xff,0x0a,0x0a,0x0c,0xff,0x0a,0x0a,0x0c,0xff,0x0a,0x0a,0x0c,0xff,0x0a,0x0a,0x0c,0xff,
0x0a,0x0a,0x0c,0xff,0x0a,0x0a,0x0c,0xff,0x18,0x18,0x1c,0xf2,0x1f,0x1f,0x27,0x42,0x00,0x00,0x00,0x00,0x00,0x00,0x00,0x00,
0x00,0x00,0x00,0x00,0x00,0x00,0x00,0x00,0x00,0x00,0x00,0x00,0x24,0x24,0x29,0x38,0x1b,0x1b,0x20,0xdc,0x0e,0x0e,0x11,0xff,
0x0a,0x0a,0x0c,0xff,0x0a,0x0a,0x0c,0xff,0x0a,0x0a,0x0c,0xff,0x0a,0x0a,0x0c,0xff,0x0a,0x0a,0x0c,0xff,0x0a,0x0a,0x0c,0xff,
0x0a,0x0a,0x0c,0xff,0x0a,0x0a,0x0c,0xff,0x0a,0x0a,0x0c,0xff,0x0a,0x0a,0x0c,0xff,0x0a,0x0a,0x0c,0xff,0x0a,0x0a,0x0c,0xff,
0x0a,0x0a,0x0c,0xff,0x0a,0x0a,0x0c,0xff,0x0a,0x0a,0x0c,0xff,0x0a,0x0a,0x0c,0xff,0x0a,0x0a,0x0c,0xff,0x0a,0x0a,0x0c,0xff,
0x0a,0x0a,0x0c,0xff,0x0a,0x0a,0x0c,0xff,0x0a,0x0a,0x0c,0xff,0x0a,0x0a,0x0c,0xff,0x0a,0x0a,0x0c,0xff,0x0a,0x0a,0x0c,0xff,
0x0a,0x0a,0x0c,0xff,0x0a,0x0a,0x0c,0xff,0x0a,0x0a,0x0c,0xff,0x0a,0x0a,0x0c,0xff,0x0a,0x0a,0x0c,0xff,0x0a,0x0a,0x0c,0xff,
0x0a,0x0a,0x0c,0xff,0x0a,0x0a,0x0c,0xff,0x0a,0x0a,0x0c,0xff,0x0a,0x0a,0x0c,0xff,0x0a,0x0a,0x0c,0xff,0x0a,0x0a,0x0c,0xff,
0x0e,0x0e,0x11,0xff,0x1b,0x1b,0x20,0xd6,0x25,0x25,0x2a,0x37,0x00,0x00,0x00,0x00,0x00,0x00,0x00,0x00,0x00,0x00,0x00,0x00,
0x00,0x00,0x00,0x00,0x00,0x00,0x00,0x00,0x00,0x00,0x00,0x00,0x00,0x00,0x00,0x00,0x40,0x40,0x40,0x0c,0x21,0x21,0x24,0x93,
0x14,0x14,0x17,0xed,0x0f,0x0f,0x12,0xff,0x0d,0x0d,0x0e,0xff,0x0a,0x0a,0x0c,0xff,0x0a,0x0a,0x0c,0xff,0x0a,0x0a,0x0c,0xff,
0x0a,0x0a,0x0c,0xff,0x0a,0x0a,0x0c,0xff,0x0a,0x0a,0x0c,0xff,0x0a,0x0a,0x0c,0xff,0x0a,0x0a,0x0c,0xff,0x0a,0x0a,0x0c,0xff,
0x0a,0x0a,0x0c,0xff,0x0a,0x0a,0x0c,0xff,0x0a,0x0a,0x0c,0xff,0x0a,0x0a,0x0c,0xff,0x0a,0x0a,0x0c,0xff,0x0a,0x0a,0x0c,0xff,
0x0a,0x0a,0x0c,0xff,0x0a,0x0a,0x0c,0xff,0x0a,0x0a,0x0c,0xff,0x0a,0x0a,0x0c,0xff,0x0a,0x0a,0x0c,0xff,0x0a,0x0a,0x0c,0xff,
0x0a,0x0a,0x0c,0xff,0x0a,0x0a,0x0c,0xff,0x0a,0x0a,0x0c,0xff,0x0a,0x0a,0x0c,0xff,0x0a,0x0a,0x0c,0xff,0x0a,0x0a,0x0c,0xff,
0x0a,0x0a,0x0c,0xff,0x0a,0x0a,0x0c,0xff,0x0a,0x0a,0x0c,0xff,0x0d,0x0d,0x0e,0xff,0x0f,0x0f,0x12,0xff,0x16,0x16,0x17,0xed,
0x21,0x21,0x24,0x93,0x46,0x46,0x46,0x0b,0x00,0x00,0x00,0x00,0x00,0x00,0x00,0x00,0x00,0x00,0x00,0x00,0x00,0x00,0x00,0x00,
0x00,0x00,0x00,0x00,0x00,0x00,0x00,0x00,0x00,0x00,0x00,0x00,0x00,0x00,0x00,0x00,0x00,0x00,0x00,0x00,0x00,0x00,0x00,0x00,
0x34,0x34,0x39,0x31,0x21,0x21,0x27,0x82,0x1b,0x1b,0x20,0xcc,0x1a,0x1a,0x1f,0xe8,0x15,0x15,0x18,0xff,0x14,0x14,0x19,0xff,
0x14,0x14,0x19,0xff,0x14,0x14,0x19,0xff,0x14,0x14,0x19,0xff,0x14,0x14,0x19,0xff,0x14,0x14,0x19,0xff,0x14,0x14,0x19,0xff,
0x14,0x14,0x19,0xff,0x14,0x14,0x19,0xff,0x14,0x14,0x19,0xff,0x14,0x14,0x19,0xff,0x14,0x14,0x19,0xff,0x14,0x14,0x19,0xff,
0x14,0x14,0x19,0xff,0x14,0x14,0x19,0xff,0x14,0x14,0x19,0xff,0x14,0x14,0x19,0xff,0x14,0x14,0x19,0xff,0x14,0x14,0x19,0xff,
0x14,0x14,0x19,0xff,0x14,0x14,0x19,0xff,0x14,0x14,0x19,0xff,0x14,0x14,0x19,0xff,0x14,0x14,0x19,0xff,0x14,0x14,0x19,0xff,
0x14,0x14,0x19,0xff,0x16,0x16,0x18,0xff,0x1a,0x1a,0x1f,0xe8,0x1b,0x1b,0x20,0xcc,0x21,0x21,0x27,0x84,0x39,0x39,0x39,0x31,
0x00,0x00,0x00,0x00,0x00,0x00,0x00,0x00,0x00,0x00,0x00,0x00,0x00,0x00,0x00,0x00,0x00,0x00,0x00,0x00,0x00,0x00,0x00,0x00,
};
static unsigned char kWindowIcon64[] = {
0x00,0x00,0x00,0x00,0x00,0x00,0x00,0x00,0x00,0x00,0x00,0x00,0x00,0x00,0x00,0x00,0x00,0x00,0x00,0x00,0x00,0x00,0x00,0x00,
0x00,0x00,0x00,0x00,0x00,0x00,0x00,0x00,0x55,0x55,0x55,0x03,0x22,0x22,0x24,0x5b,0x1e,0x1e,0x1f,0xa2,0x1d,0x1d,0x22,0xd5,
0x20,0x20,0x24,0xea,0x1f,0x1f,0x22,0xf6,0x19,0x19,0x1c,0xff,0x1a,0x1a,0x1d,0xff,0x1a,0x1a,0x1d,0xff,0x1a,0x1a,0x1d,0xff,
0x1a,0x1a,0x1d,0xff,0x1a,0x1a,0x1d,0xff,0x1a,0x1a,0x1d,0xff,0x1a,0x1a,0x1d,0xff,0x1a,0x1a,0x1d,0xff,0x1a,0x1a,0x1d,0xff,
0x1a,0x1a,0x1d,0xff,0x1a,0x1a,0x1d,0xff,0x1a,0x1a,0x1d,0xff,0x1a,0x1a,0x1d,0xff,0x1a,0x1a,0x1d,0xff,0x1a,0x1a,0x1d,0xff,
0x1a,0x1a,0x1d,0xff,0x1a,0x1a,0x1d,0xff,0x1a,0x1a,0x1d,0xff,0x1a,0x1a,0x1d,0xff,0x1a,0x1a,0x1d,0xff,0x1a,0x1a,0x1d,0xff,
0x1a,0x1a,0x1d,0xff,0x1a,0x1a,0x1d,0xff,0x1a,0x1a,0x1d,0xff,0x1a,0x1a,0x1d,0xff,0x1a,0x1a,0x1d,0xff,0x1a,0x1a,0x1d,0xff,
0x1a,0x1a,0x1d,0xff,0x1a,0x1a,0x1d,0xff,0x1a,0x1a,0x1d,0xff,0x1a,0x1a,0x1d,0xff,0x1a,0x1a,0x1d,0xff,0x1a,0x1a,0x1d,0xff,
0x1a,0x1a,0x1d,0xff,0x19,0x19,0x1d,0xff,0x1f,0x1f,0x22,0xf6,0x20,0x20,0x24,0xea,0x1d,0x1d,0x22,0xd3,0x1e,0x1e,0x20,0x9f,
0x24,0x24,0x27,0x55,0x80,0x80,0x80,0x02,0x00,0x00,0x00,0x00,0x00,0x00,0x00,0x00,0x00,0x00,0x00,0x00,0x00,0x00,0x00,0x00,
0x00,0x00,0x00,0x00,0x00,0x00,0x00,0x00,0x00,0x00,0x00,0x00,0x00,0x00,0x00,0x00,0x00,0x00,0x00,0x00,0x00,0x00,0x00,0x00,
0x00,0x00,0x00,0x00,0x00,0x00,0x00,0x00,0x00,0x00,0x00,0x00,0x00,0x00,0x00,0x00,0x80,0x80,0x80,0x02,0x18,0x18,0x1d,0x73,
0x21,0x21,0x23,0xeb,0x18,0x18,0x1b,0xff,0x14,0x14,0x17,0xff,0x11,0x11,0x12,0xff,0x0d,0x0d,0x0f,0xff,0x0a,0x0a,0x0c,0xff,
0x0a,0x0a,0x0c,0xff,0x0a,0x0a,0x0c,0xff,0x0a,0x0a,0x0c,0xff,0x0a,0x0a,0x0c,0xff,0x0a,0x0a,0x0c,0xff,0x0a,0x0a,0x0c,0xff,
0x0a,0x0a,0x0c,0xff,0x0a,0x0a,0x0c,0xff,0x0a,0x0a,0x0c,0xff,0x0a,0x0a,0x0c,0xff,0x0a,0x0a,0x0c,0xff,0x0a,0x0a,0x0c,0xff,
0x0a,0x0a,0x0c,0xff,0x0a,0x0a,0x0c,0xff,0x0a,0x0a,0x0c,0xff,0x0a,0x0a,0x0c,0xff,0x0a,0x0a,0x0c,0xff,0x0a,0x0a,0x0c,0xff,
0x0a,0x0a,0x0c,0xff,0x0a,0x0a,0x0c,0xff,0x0a,0x0a,0x0c,0xff,0x0a,0x0a,0x0c,0xff,0x0a,0x0a,0x0c,0xff,0x0a,0x0a,0x0c,0xff,
0x0a,0x0a,0x0c,0xff,0x0a,0x0a,0x0c,0xff,0x0a,0x0a,0x0c,0xff,0x0a,0x0a,0x0c,0xff,0x0a,0x0a,0x0c,0xff,0x0a,0x0a,0x0c,0xff,
0x0a,0x0a,0x0c,0xff,0x0a,0x0a,0x0c,0xff,0x0a,0x0a,0x0c,0xff,0x0a,0x0a,0x0c,0xff,0x0a,0x0a,0x0c,0xff,0x0a,0x0a,0x0c,0xff,
0x0a,0x0a,0x0c,0xff,0x0d,0x0d,0x0f,0xff,0x11,0x11,0x12,0xff,0x14,0x14,0x17,0xff,0x18,0x18,0x1b,0xff,0x21,0x21,0x23,0xeb,
0x19,0x19,0x1d,0x71,0xff,0xff,0xff,0x01,0x00,0x00,0x00,0x00,0x00,0x00,0x00,0x00,0x00,0x00,0x00,0x00,0x00,0x00,0x00,0x00,
0x00,0x00,0x00,0x00,0x00,0x00,0x00,0x00,0x00,0x00,0x00,0x00,0x00,0x00,0x00,0x00,0x00,0x00,0x00,0x00,0x00,0x00,0x00,0x00,
0xff,0xff,0xff,0x01,0x0c,0x0c,0x0c,0x52,0x1a,0x1a,0x1c,0xe1,0x1a,0x1a,0x1d,0xff,0x0b,0x0b,0x0d,0xff,0x0a,0x0a,0x0c,0xff,
0x0a,0x0a,0x0c,0xff,0x0a,0x0a,0x0c,0xff,0x0a,0x0a,0x0c,0xff,0x0a,0x0a,0x0c,0xff,0x0a,0x0a,0x0c,0xff,0x0a,0x0a,0x0c,0xff,
0x0a,0x0a,0x0c,0xff,0x0a,0x0a,0x0c,0xff,0x0a,0x0a,0x0c,0xff,0x0a,0x0a,0x0c,0xff,0x0a,0x0a,0x0c,0xff,0x0a,0x0a,0x0c,0xff,
0x0a,0x0a,0x0c,0xff,0x0a,0x0a,0x0c,0xff,0x0a,0x0a,0x0c,0xff,0x0a,0x0a,0x0c,0xff,0x0a,0x0a,0x0c,0xff,0x0a,0x0a,0x0c,0xff,
0x0a,0x0a,0x0c,0xff,0x0a,0x0a,0x0c,0xff,0x0a,0x0a,0x0c,0xff,0x0a,0x0a,0x0c,0xff,0x0a,0x0a,0x0c,0xff,0x0a,0x0a,0x0c,0xff,
0x0a,0x0a,0x0c,0xff,0x0a,0x0a,0x0c,0xff,0x0a,0x0a,0x0c,0xff,0x0a,0x0a,0x0c,0xff,0x0a,0x0a,0x0c,0xff,0x0a,0x0a,0x0c,0xff,
0x0a,0x0a,0x0c,0xff,0x0a,0x0a,0x0c,0xff,0x0a,0x0a,0x0c,0xff,0x0a,0x0a,0x0c,0xff,0x0a,0x0a,0x0c,0xff,0x0a,0x0a,0x0c,0xff,
0x0a,0x0a,0x0c,0xff,0x0a,0x0a,0x0c,0xff,0x0a,0x0a,0x0c,0xff,0x0a,0x0a,0x0c,0xff,0x0a,0x0a,0x0c,0xff,0x0a,0x0a,0x0c,0xff,
0x0a,0x0a,0x0c,0xff,0x0a,0x0a,0x0c,0xff,0x0a,0x0a,0x0c,0xff,0x0b,0x0b,0x0d,0xff,0x19,0x19,0x1d,0xff,0x1a,0x1a,0x1d,0xdc,
0x0b,0x0b,0x0e,0x48,0x00,0x00,0x00,0x00,0x00,0x00,0x00,0x00,0x00,0x00,0x00,0x00,0x00,0x00,0x00,0x00,0x00,0x00,0x00,0x00,
0x00,0x00,0x00,0x00,0x00,0x00,0x00,0x00,0x00,0x00,0x00,0x00,0x00,0x00,0x00,0x00,0x21,0x21,0x21,0x36,0x20,0x20,0x25,0xec,
0x12,0x12,0x15,0xff,0x0a,0x0a,0x0c,0xff,0x0a,0x0a,0x0c,0xff,0x0a,0x0a,0x0c,0xff,0x0a,0x0a,0x0c,0xff,0x0a,0x0a,0x0c,0xff,
0x0a,0x0a,0x0c,0xff,0x0a,0x0a,0x0c,0xff,0x0a,0x0a,0x0c,0xff,0x0a,0x0a,0x0c,0xff,0x0a,0x0a,0x0c,0xff,0x0a,0x0a,0x0c,0xff,
0x0a,0x0a,0x0c,0xff,0x0a,0x0a,0x0c,0xff,0x0a,0x0a,0x0c,0xff,0x0a,0x0a,0x0c,0xff,0x0a,0x0a,0x0c,0xff,0x0a,0x0a,0x0c,0xff,
0x0a,0x0a,0x0c,0xff,0x0a,0x0a,0x0c,0xff,0x0a,0x0a,0x0c,0xff,0x0a,0x0a,0x0c,0xff,0x0a,0x0a,0x0c,0xff,0x0a,0x0a,0x0c,0xff,
0x0a,0x0a,0x0c,0xff,0x0a,0x0a,0x0c,0xff,0x0a,0x0a,0x0c,0xff,0x0a,0x0a,0x0c,0xff,0x0a,0x0a,0x0c,0xff,0x0a,0x0a,0x0c,0xff,
0x0a,0x0a,0x0c,0xff,0x0a,0x0a,0x0c,0xff,0x0a,0x0a,0x0c,0xff,0x0a,0x0a,0x0c,0xff,0x0a,0x0a,0x0c,0xff,0x0a,0x0a,0x0c,0xff,
0x0a,0x0a,0x0c,0xff,0x0a,0x0a,0x0c,0xff,0x0a,0x0a,0x0c,0xff,0x0a,0x0a,0x0c,0xff,0x0a,0x0a,0x0c,0xff,0x0a,0x0a,0x0c,0xff,
0x0a,0x0a,0x0c,0xff,0x0a,0x0a,0x0c,0xff,0x0a,0x0a,0x0c,0xff,0x0a,0x0a,0x0c,0xff,0x0a,0x0a,0x0c,0xff,0x0a,0x0a,0x0c,0xff,
0x0a,0x0a,0x0c,0xff,0x0a,0x0a,0x0c,0xff,0x0a,0x0a,0x0c,0xff,0x13,0x13,0x16,0xff,0x20,0x20,0x24,0xec,0x21,0x21,0x21,0x36,
0x00,0x00,0x00,0x00,0x00,0x00,0x00,0x00,0x00,0x00,0x00,0x00,0x00,0x00,0x00,0x00,0x00,0x00,0x00,0x00,0x00,0x00,0x00,0x00,
0x00,0x00,0x00,0x00,0x1d,0x1d,0x1d,0x46,0x1e,0x1e,0x21,0xf3,0x0c,0x0c,0x0e,0xff,0x0a,0x0a,0x0c,0xff,0x0a,0x0a,0x0c,0xff,
0x0a,0x0a,0x0c,0xff,0x0a,0x0a,0x0c,0xff,0x0a,0x0a,0x0c,0xff,0x0a,0x0a,0x0c,0xff,0x0a,0x0a,0x0c,0xff,0x0a,0x0a,0x0c,0xff,
0x0a,0x0a,0x0c,0xff,0x0a,0x0a,0x0c,0xff,0x0a,0x0a,0x0c,0xff,0x0a,0x0a,0x0c,0xff,0x0a,0x0a,0x0c,0xff,0x0a,0x0a,0x0c,0xff,
0x0a,0x0a,0x0c,0xff,0x0a,0x0a,0x0c,0xff,0x0a,0x0a,0x0c,0xff,0x0a,0x0a,0x0c,0xff,0x0a,0x0a,0x0c,0xff,0x0a,0x0a,0x0c,0xff,
0x0a,0x0a,0x0c,0xff,0x0a,0x0a,0x0c,0xff,0x0a,0x0a,0x0c,0xff,0x0a,0x0a,0x0c,0xff,0x0a,0x0a,0x0c,0xff,0x0a,0x0a,0x0c,0xff,
0x0a,0x0a,0x0c,0xff,0x0a,0x0a,0x0c,0xff,0x0a,0x0a,0x0c,0xff,0x0a,0x0a,0x0c,0xff,0x0a,0x0a,0x0c,0xff,0x0a,0x0a,0x0c,0xff,
0x0a,0x0a,0x0c,0xff,0x0a,0x0a,0x0c,0xff,0x0a,0x0a,0x0c,0xff,0x0a,0x0a,0x0c,0xff,0x0a,0x0a,0x0c,0xff,0x0a,0x0a,0x0c,0xff,
0x0a,0x0a,0x0c,0xff,0x0a,0x0a,0x0c,0xff,0x0a,0x0a,0x0c,0xff,0x0a,0x0a,0x0c,0xff,0x0a,0x0a,0x0c,0xff,0x0a,0x0a,0x0c,0xff,
0x0a,0x0a,0x0c,0xff,0x0a,0x0a,0x0c,0xff,0x0a,0x0a,0x0c,0xff,0x0a,0x0a,0x0c,0xff,0x0a,0x0a,0x0c,0xff,0x0a,0x0a,0x0c,0xff,
0x0a,0x0a,0x0c,0xff,0x0a,0x0a,0x0c,0xff,0x0c,0x0c,0x0e,0xff,0x1f,0x1f,0x22,0xf2,0x1d,0x1d,0x21,0x3e,0x00,0x00,0x00,0x00,
0x00,0x00,0x00,0x00,0x00,0x00,0x00,0x00,0x00,0x00,0x00,0x00,0x00,0x00,0x00,0x00,0x12,0x12,0x12,0x0e,0x21,0x21,0x24,0xe7,
0x0c,0x0c,0x0e,0xff,0x0a,0x0a,0x0c,0xff,0x0a,0x0a,0x0c,0xff,0x0a,0x0a,0x0c,0xff,0x0a,0x0a,0x0c,0xff,0x0a,0x0a,0x0c,0xff,
0x0a,0x0a,0x0c,0xff,0x0a,0x0a,0x0c,0xff,0x0a,0x0a,0x0c,0xff,0x0a,0x0a,0x0c,0xff,0x0a,0x0a,0x0c,0xff,0x0a,0x0a,0x0c,0xff,
0x0a,0x0a,0x0c,0xff,0x0a,0x0a,0x0c,0xff,0x0a,0x0a,0x0c,0xff,0x0a,0x0a,0x0c,0xff,0x0a,0x0a,0x0c,0xff,0x0a,0x0a,0x0c,0xff,
0x0a,0x0a,0x0c,0xff,0x0a,0x0a,0x0c,0xff,0x0a,0x0a,0x0c,0xff,0x0a,0x0a,0x0c,0xff,0x0a,0x0a,0x0c,0xff,0x0a,0x0a,0x0c,0xff,
0x0a,0x0a,0x0c,0xff,0x0a,0x0a,0x0c,0xff,0x0a,0x0a,0x0c,0xff,0x0a,0x0a,0x0c,0xff,0x0a,0x0a,0x0c,0xff,0x0a,0x0a,0x0c,0xff,
0x0a,0x0a,0x0c,0xff,0x0a,0x0a,0x0c,0xff,0x0a,0x0a,0x0c,0xff,0x0a,0x0a,0x0c,0xff,0x0a,0x0a,0x0c,0xff,0x0a,0x0a,0x0c,0xff,
0x0a,0x0a,0x0c,0xff,0x0a,0x0a,0x0c,0xff,0x0a,0x0a,0x0c,0xff,0x0a,0x0a,0x0c,0xff,0x0a,0x0a,0x0c,0xff,0x0a,0x0a,0x0c,0xff,
0x0a,0x0a,0x0c,0xff,0x0a,0x0a,0x0c,0xff,0x0a,0x0a,0x0c,0xff,0x0a,0x0a,0x0c,0xff,0x0a,0x0a,0x0c,0xff,0x0a,0x0a,0x0c,0xff,
0x0a,0x0a,0x0c,0xff,0x0a,0x0a,0x0c,0xff,0x0a,0x0a,0x0c,0xff,0x0a,0x0a,0x0c,0xff,0x0a,0x0a,0x0c,0xff,0x0a,0x0a,0x0c,0xff,
0x0a,0x0a,0x0c,0xff,0x0c,0x0c,0x0f,0xff,0x21,0x21,0x24,0xe5,0x1c,0x1c,0x1c,0x09,0x00,0x00,0x00,0x00,0x00,0x00,0x00,0x00,
0x00,0x00,0x00,0x00,0x00,0x00,0x00,0x00,0x1d,0x1d,0x21,0xb8,0x12,0x12,0x15,0xff,0x0a,0x0a,0x0c,0xff,0x0a,0x0a,0x0c,0xff,
0x0a,0x0a,0x0c,0xff,0x0a,0x0a,0x0c,0xff,0x0a,0x0a,0x0c,0xff,0x0a,0x0a,0x0c,0xff,0x0a,0x0a,0x0c,0xff,0x0a,0x0a,0x0c,0xff,
0x0a,0x0a,0x0c,0xff,0x0a,0x0a,0x0c,0xff,0x0a,0x0a,0x0c,0xff,0x0a,0x0a,0x0c,0xff,0x0a,0x0a,0x0c,0xff,0x0a,0x0a,0x0c,0xff,
0x0a,0x0a,0x0c,0xff,0x0a,0x0a,0x0c,0xff,0x0a,0x0a,0x0c,0xff,0x0a,0x0a,0x0c,0xff,0x0a,0x0a,0x0c,0xff,0x0a,0x0a,0x0c,0xff,
0x0a,0x0a,0x0c,0xff,0x0a,0x0a,0x0c,0xff,0x0a,0x0a,0x0c,0xff,0x0a,0x0a,0x0c,0xff,0x0a,0x0a,0x0c,0xff,0x0a,0x0a,0x0c,0xff,
0x0a,0x0a,0x0c,0xff,0x0a,0x0a,0x0c,0xff,0x0a,0x0a,0x0c,0xff,0x0a,0x0a,0x0c,0xff,0x0a,0x0a,0x0c,0xff,0x0a,0x0a,0x0c,0xff,
0x0a,0x0a,0x0c,0xff,0x0a,0x0a,0x0c,0xff,0x0a,0x0a,0x0c,0xff,0x0a,0x0a,0x0c,0xff,0x0a,0x0a,0x0c,0xff,0x0a,0x0a,0x0c,0xff,
0x0a,0x0a,0x0c,0xff,0x0a,0x0a,0x0c,0xff,0x0a,0x0a,0x0c,0xff,0x0a,0x0a,0x0c,0xff,0x0a,0x0a,0x0c,0xff,0x0a,0x0a,0x0c,0xff,
0x0a,0x0a,0x0c,0xff,0x0a,0x0a,0x0c,0xff,0x0a,0x0a,0x0c,0xff,0x0a,0x0a,0x0c,0xff,0x0a,0x0a,0x0c,0xff,0x0a,0x0a,0x0c,0xff,
0x0a,0x0a,0x0c,0xff,0x0a,0x0a,0x0c,0xff,0x0a,0x0a,0x0c,0xff,0x0a,0x0a,0x0c,0xff,0x0a,0x0a,0x0c,0xff,0x0a,0x0a,0x0c,0xff,
0x13,0x13,0x16,0xff,0x1c,0x1c,0x21,0xb7,0x00,0x00,0x00,0x00,0x00,0x00,0x00,0x00,0x00,0x00,0x00,0x00,0x22,0x22,0x25,0x53,
0x1a,0x1a,0x1d,0xfd,0x0a,0x0a,0x0c,0xff,0x0a,0x0a,0x0c,0xff,0x0a,0x0a,0x0c,0xff,0x0a,0x0a,0x0c,0xff,0x0a,0x0a,0x0c,0xff,
0x0a,0x0a,0x0c,0xff,0x0a,0x0a,0x0c,0xff,0x0a,0x0a,0x0c,0xff,0x0a,0x0a,0x0c,0xff,0x0a,0x0a,0x0c,0xff,0x0a,0x0a,0x0c,0xff,
0x0a,0x0a,0x0c,0xff,0x0a,0x0a,0x0c,0xff,0x0a,0x0a,0x0c,0xff,0x0a,0x0a,0x0c,0xff,0x0a,0x0a,0x0c,0xff,0x0a,0x0a,0x0c,0xff,
0x0a,0x0a,0x0c,0xff,0x0a,0x0a,0x0c,0xff,0x0a,0x0a,0x0c,0xff,0x0a,0x0a,0x0c,0xff,0x0a,0x0a,0x0c,0xff,0x0a,0x0a,0x0c,0xff,
0x0a,0x0a,0x0c,0xff,0x0a,0x0a,0x0c,0xff,0x0a,0x0a,0x0c,0xff,0x0a,0x0a,0x0c,0xff,0x0a,0x0a,0x0c,0xff,0x0a,0x0a,0x0c,0xff,
0x0a,0x0a,0x0c,0xff,0x0a,0x0a,0x0c,0xff,0x0a,0x0a,0x0c,0xff,0x0a,0x0a,0x0c,0xff,0x0a,0x0a,0x0c,0xff,0x0a,0x0a,0x0c,0xff,
0x0a,0x0a,0x0c,0xff,0x0a,0x0a,0x0c,0xff,0x0a,0x0a,0x0c,0xff,0x0a,0x0a,0x0c,0xff,0x0a,0x0a,0x0c,0xff,0x0a,0x0a,0x0c,0xff,
0x0a,0x0a,0x0c,0xff,0x0a,0x0a,0x0c,0xff,0x0a,0x0a,0x0c,0xff,0x0a,0x0a,0x0c,0xff,0x0a,0x0a,0x0c,0xff,0x0a,0x0a,0x0c,0xff,
0x0a,0x0a,0x0c,0xff,0x0a,0x0a,0x0c,0xff,0x0a,0x0a,0x0c,0xff,0x0a,0x0a,0x0c,0xff,0x0a,0x0a,0x0c,0xff,0x0a,0x0a,0x0c,0xff,
0x0a,0x0a,0x0c,0xff,0x0a,0x0a,0x0c,0xff,0x0a,0x0a,0x0c,0xff,0x0a,0x0a,0x0c,0xff,0x0a,0x0a,0x0c,0xff,0x19,0x19,0x1d,0xfd,
0x23,0x23,0x27,0x48,0x00,0x00,0x00,0x00,0x55,0x55,0x55,0x03,0x21,0x21,0x24,0xe2,0x0b,0x0b,0x0d,0xff,0x0a,0x0a,0x0c,0xff,
0x0a,0x0a,0x0c,0xff,0x0a,0x0a,0x0c,0xff,0x0a,0x0a,0x0c,0xff,0x0a,0x0a,0x0c,0xff,0x0a,0x0a,0x0c,0xff,0x0a,0x0a,0x0c,0xff,
0x0a,0x0a,0x0c,0xff,0x0a,0x0a,0x0c,0xff,0x0a,0x0a,0x0c,0xff,0x0a,0x0a,0x0c,0xff,0x0a,0x0a,0x0c,0xff,0x0a,0x0a,0x0c,0xff,
0x0a,0x0a,0x0c,0xff,0x0a,0x0a,0x0c,0xff,0x0a,0x0a,0x0c,0xff,0x0a,0x0a,0x0c,0xff,0x0a,0x0a,0x0c,0xff,0x0a,0x0a,0x0c,0xff,
0x0a,0x0a,0x0c,0xff,0x0a,0x0a,0x0c,0xff,0x0a,0x0a,0x0c,0xff,0x0a,0x0a,0x0c,0xff,0x0a,0x0a,0x0c,0xff,0x0a,0x0a,0x0c,0xff,
0x0a,0x0a,0x0c,0xff,0x0a,0x0a,0x0c,0xff,0x0a,0x0a,0x0c,0xff,0x0a,0x0a,0x0c,0xff,0x0a,0x0a,0x0c,0xff,0x0a,0x0a,0x0c,0xff,
0x0a,0x0a,0x0c,0xff,0x0a,0x0a,0x0c,0xff,0x0a,0x0a,0x0c,0xff,0x0a,0x0a,0x0c,0xff,0x0a,0x0a,0x0c,0xff,0x0a,0x0a,0x0c,0xff,
0x0a,0x0a,0x0c,0xff,0x0a,0x0a,0x0c,0xff,0x0a,0x0a,0x0c,0xff,0x0a,0x0a,0x0c,0xff,0x0a,0x0a,0x0c,0xff,0x0a,0x0a,0x0c,0xff,
0x0a,0x0a,0x0c,0xff,0x0a,0x0a,0x0c,0xff,0x0a,0x0a,0x0c,0xff,0x0a,0x0a,0x0c,0xff,0x0a,0x0a,0x0c,0xff,0x0a,0x0a,0x0c,0xff,
0x0a,0x0a,0x0c,0xff,0x0a,0x0a,0x0c,0xff,0x0a,0x0a,0x0c,0xff,0x0a,0x0a,0x0c,0xff,0x0a,0x0a,0x0c,0xff,0x0a,0x0a,0x0c,0xff,
0x0a,0x0a,0x0c,0xff,0x0a,0x0a,0x0c,0xff,0x0a,0x0a,0x0c,0xff,0x0b,0x0b,0x0d,0xff,0x22,0x22,0x26,0xd9,0x80,0x80,0x80,0x02,
0x24,0x24,0x27,0x55,0x18,0x18,0x1b,0xff,0x0a,0x0a,0x0c,0xff,0x0a,0x0a,0x0c,0xff,0x0a,0x0a,0x0c,0xff,0x0a,0x0a,0x0c,0xff,
0x0a,0x0a,0x0c,0xff,0x0a,0x0a,0x0c,0xff,0x0a,0x0a,0x0c,0xff,0x0a,0x0a,0x0c,0xff,0x0a,0x0a,0x0c,0xff,0x0a,0x0a,0x0c,0xff,
0x0a,0x0a,0x0c,0xff,0x0a,0x0a,0x0c,0xff,0x0a,0x0a,0x0c,0xff,0x0a,0x0a,0x0c,0xff,0x0a,0x0a,0x0c,0xff,0x0a,0x0a,0x0c,0xff,
0x0a,0x0a,0x0c,0xff,0x0a,0x0a,0x0c,0xff,0x0a,0x0a,0x0c,0xff,0x0a,0x0a,0x0c,0xff,0x0a,0x0a,0x0c,0xff,0x0a,0x0a,0x0c,0xff,
0x0a,0x0a,0x0c,0xff,0x0a,0x0a,0x0c,0xff,0x0a,0x0a,0x0c,0xff,0x0a,0x0a,0x0c,0xff,0x0a,0x0a,0x0c,0xff,0x0a,0x0a,0x0c,0xff,
0x0a,0x0a,0x0c,0xff,0x0a,0x0a,0x0c,0xff,0x0a,0x0a,0x0c,0xff,0x0a,0x0a,0x0c,0xff,0x0a,0x0a,0x0c,0xff,0x0a,0x0a,0x0c,0xff,
0x0a,0x0a,0x0c,0xff,0x0a,0x0a,0x0c,0xff,0x0a,0x0a,0x0c,0xff,0x0a,0x0a,0x0c,0xff,0x0a,0x0a,0x0c,0xff,0x0a,0x0a,0x0c,0xff,
0x0a,0x0a,0x0c,0xff,0x0a,0x0a,0x0c,0xff,0x0a,0x0a,0x0c,0xff,0x0a,0x0a,0x0c,0xff,0x0a,0x0a,0x0c,0xff,0x0a,0x0a,0x0c,0xff,
0x0a,0x0a,0x0c,0xff,0x0a,0x0a,0x0c,0xff,0x0a,0x0a,0x0c,0xff,0x0a,0x0a,0x0c,0xff,0x0a,0x0a,0x0c,0xff,0x0a,0x0a,0x0c,0xff,
0x0a,0x0a,0x0c,0xff,0x0a,0x0a,0x0c,0xff,0x0a,0x0a,0x0c,0xff,0x0a,0x0a,0x0c,0xff,0x0a,0x0a,0x0c,0xff,0x0a,0x0a,0x0c,0xff,
0x0a,0x0a,0x0c,0xff,0x0a,0x0a,0x0c,0xff,0x19,0x19,0x1c,0xff,0x22,0x22,0x25,0x53,0x1f,0x1f,0x20,0x9d,0x14,0x14,0x17,0xff,
0x0a,0x0a,0x0c,0xff,0x0a,0x0a,0x0c,0xff,0x0a,0x0a,0x0c,0xff,0x0a,0x0a,0x0c,0xff,0x0a,0x0a,0x0c,0xff,0x0a,0x0a,0x0c,0xff,
0x0a,0x0a,0x0c,0xff,0x0a,0x0a,0x0c,0xff,0x0a,0x0a,0x0c,0xff,0x0a,0x0a,0x0c,0xff,0x0a,0x0a,0x0c,0xff,0x0a,0x0a,0x0c,0xff,
0x0a,0x0a,0x0c,0xff,0x0a,0x0a,0x0c,0xff,0x0a,0x0a,0x0c,0xff,0x0a,0x0a,0x0c,0xff,0x0a,0x0a,0x0c,0xff,0x0a,0x0a,0x0c,0xff,
0x0a,0x0a,0x0c,0xff,0x0a,0x0a,0x0c,0xff,0x0a,0x0a,0x0c,0xff,0x0a,0x0a,0x0c,0xff,0x0a,0x0a,0x0c,0xff,0x0a,0x0a,0x0c,0xff,
0x0a,0x0a,0x0c,0xff,0x0a,0x0a,0x0c,0xff,0x0a,0x0a,0x0c,0xff,0x0a,0x0a,0x0c,0xff,0x0a,0x0a,0x0c,0xff,0x0a,0x0a,0x0c,0xff,
0x0a,0x0a,0x0c,0xff,0x0a,0x0a,0x0c,0xff,0x0a,0x0a,0x0c,0xff,0x0a,0x0a,0x0c,0xff,0x0a,0x0a,0x0c,0xff,0x0a,0x0a,0x0c,0xff,
0x0a,0x0a,0x0c,0xff,0x0a,0x0a,0x0c,0xff,0x0a,0x0a,0x0c,0xff,0x0a,0x0a,0x0c,0xff,0x0a,0x0a,0x0c,0xff,0x0a,0x0a,0x0c,0xff,
0x0a,0x0a,0x0c,0xff,0x0a,0x0a,0x0c,0xff,0x0a,0x0a,0x0c,0xff,0x0a,0x0a,0x0c,0xff,0x0a,0x0a,0x0c,0xff,0x0a,0x0a,0x0c,0xff,
0x0a,0x0a,0x0c,0xff,0x0a,0x0a,0x0c,0xff,0x0a,0x0a,0x0c,0xff,0x0a,0x0a,0x0c,0xff,0x0a,0x0a,0x0c,0xff,0x0a,0x0a,0x0c,0xff,
0x0a,0x0a,0x0c,0xff,0x0a,0x0a,0x0c,0xff,0x0a,0x0a,0x0c,0xff,0x0a,0x0a,0x0c,0xff,0x0a,0x0a,0x0c,0xff,0x0a,0x0a,0x0c,0xff,
0x15,0x15,0x17,0xff,0x1e,0x1e,0x21,0x9b,0x1d,0x1d,0x23,0xcd,0x11,0x11,0x12,0xff,0x0a,0x0a,0x0c,0xff,0x0a,0x0a,0x0c,0xff,
0x0a,0x0a,0x0c,0xff,0x0a,0x0a,0x0c,0xff,0x0a,0x0a,0x0c,0xff,0x0a,0x0a,0x0c,0xff,0x0a,0x0a,0x0c,0xff,0x0a,0x0a,0x0c,0xff,
0x0a,0x0a,0x0c,0xff,0x0a,0x0a,0x0c,0xff,0x0a,0x0a,0x0c,0xff,0x0a,0x0a,0x0c,0xff,0x0a,0x0a,0x0c,0xff,0x0a,0x0a,0x0c,0xff,
0x0a,0x0a,0x0c,0xff,0x0a,0x0a,0x0c,0xff,0x0a,0x0a,0x0c,0xff,0x0a,0x0a,0x0c,0xff,0x0a,0x0a,0x0c,0xff,0x0a,0x0a,0x0c,0xff,
0x0a,0x0a,0x0c,0xff,0x0a,0x0a,0x0c,0xff,0x0a,0x0a,0x0c,0xff,0x0a,0x0a,0x0c,0xff,0x0a,0x0a,0x0c,0xff,0x0a,0x0a,0x0c,0xff,
0x0a,0x0a,0x0c,0xff,0x0a,0x0a,0x0c,0xff,0x0a,0x0a,0x0c,0xff,0x0a,0x0a,0x0c,0xff,0x0a,0x0a,0x0c,0xff,0x0a,0x0a,0x0c,0xff,
0x0a,0x0a,0x0c,0xff,0x0a,0x0a,0x0c,0xff,0x0a,0x0a,0x0c,0xff,0x0a,0x0a,0x0c,0xff,0x0a,0x0a,0x0c,0xff,0x0a,0x0a,0x0c,0xff,
0x0a,0x0a,0x0c,0xff,0x0a,0x0a,0x0c,0xff,0x0a,0x0a,0x0c,0xff,0x0a,0x0a,0x0c,0xff,0x0a,0x0a,0x0c,0xff,0x0a,0x0a,0x0c,0xff,
0x0a,0x0a,0x0c,0xff,0x0a,0x0a,0x0c,0xff,0x0a,0x0a,0x0c,0xff,0x0a,0x0a,0x0c,0xff,0x0a,0x0a,0x0c,0xff,0x0a,0x0a,0x0c,0xff,
0x0a,0x0a,0x0c,0xff,0x0a,0x0a,0x0c,0xff,0x0a,0x0a,0x0c,0xff,0x0a,0x0a,0x0c,0xff,0x0a,0x0a,0x0c,0xff,0x0a,0x0a,0x0c,0xff,
0x0a,0x0a,0x0c,0xff,0x0a,0x0a,0x0c,0xff,0x0a,0x0a,0x0c,0xff,0x0a,0x0a,0x0c,0xff,0x11,0x11,0x13,0xff,0x1d,0x1d,0x22,0xcd,
0x20,0x20,0x23,0xe6,0x0d,0x0d,0x0f,0xff,0x0a,0x0a,0x0c,0xff,0x0a,0x0a,0x0c,0xff,0x0a,0x0a,0x0c,0xff,0x0a,0x0a,0x0c,0xff,
0x0a,0x0a,0x0c,0xff,0x0a,0x0a,0x0c,0xff,0x0a,0x0a,0x0c,0xff,0x0a,0x0a,0x0c,0xff,0x0a,0x0a,0x0c,0xff,0x0a,0x0a,0x0c,0xff,
0x0a,0x0a,0x0c,0xff,0x0a,0x0a,0x0c,0xff,0x0a,0x0a,0x0c,0xff,0x0a,0x0a,0x0c,0xff,0x0a,0x0a,0x0c,0xff,0x0a,0x0a,0x0c,0xff,
0x0a,0x0a,0x0c,0xff,0x0a,0x0a,0x0c,0xff,0x0a,0x0a,0x0c,0xff,0x0a,0x0a,0x0c,0xff,0x0a,0x0a,0x0c,0xff,0x0a,0x0a,0x0c,0xff,
0x0a,0x0a,0x0c,0xff,0x0a,0x0a,0x0c,0xff,0x0a,0x0a,0x0c,0xff,0x0a,0x0a,0x0c,0xff,0x0a,0x0a,0x0c,0xff,0x0a,0x0a,0x0c,0xff,
0x0a,0x0a,0x0c,0xff,0x0a,0x0a,0x0c,0xff,0x0a,0x0a,0x0c,0xff,0x0a,0x0a,0x0c,0xff,0x0a,0x0a,0x0c,0xff,0x0a,0x0a,0x0c,0xff,
0x0a,0x0a,0x0c,0xff,0x0a,0x0a,0x0c,0xff,0x0a,0x0a,0x0c,0xff,0x0a,0x0a,0x0c,0xff,0x0a,0x0a,0x0c,0xff,0x0a,0x0a,0x0c,0xff,
0x0a,0x0a,0x0c,0xff,0x0a,0x0a,0x0c,0xff,0x0a,0x0a,0x0c,0xff,0x0a,0x0a,0x0c,0xff,0x0a,0x0a,0x0c,0xff,0x0a,0x0a,0x0c,0xff,
0x0a,0x0a,0x0c,0xff,0x0a,0x0a,0x0c,0xff,0x0a,0x0a,0x0c,0xff,0x0a,0x0a,0x0c,0xff,0x0a,0x0a,0x0c,0xff,0x0a,0x0a,0x0c,0xff,
0x0a,0x0a,0x0c,0xff,0x0a,0x0a,0x0c,0xff,0x0a,0x0a,0x0c,0xff,0x0a,0x0a,0x0c,0xff,0x0a,0x0a,0x0c,0xff,0x0a,0x0a,0x0c,0xff,
0x0a,0x0a,0x0c,0xff,0x0a,0x0a,0x0c,0xff,0x0d,0x0d,0x0e,0xff,0x20,0x20,0x24,0xe1,0x1f,0x1f,0x22,0xf7,0x0a,0x0a,0x0c,0xff,
0x0a,0x0a,0x0c,0xff,0x0a,0x0a,0x0c,0xff,0x0a,0x0a,0x0c,0xff,0x0a,0x0a,0x0c,0xff,0x0a,0x0a,0x0c,0xff,0x0a,0x0a,0x0c,0xff,
0x0a,0x0a,0x0c,0xff,0x0a,0x0a,0x0c,0xff,0x0a,0x0a,0x0c,0xff,0x0a,0x0a,0x0c,0xff,0x0a,0x0a,0x0c,0xff,0x1e,0x1e,0x22,0xff,
0x23,0x23,0x27,0xff,0x23,0x23,0x27,0xff,0x23,0x23,0x27,0xff,0x23,0x23,0x27,0xff,0x23,0x23,0x27,0xff,0x23,0x23,0x27,0xff,
0x23,0x23,0x27,0xff,0x23,0x23,0x27,0xff,0x23,0x23,0x27,0xff,0x23,0x23,0x27,0xff,0x23,0x23,0x27,0xff,0x23,0x23,0x27,0xff,
0x23,0x23,0x27,0xff,0x23,0x23,0x27,0xff,0x23,0x23,0x27,0xff,0x23,0x23,0x27,0xff,0x23,0x23,0x27,0xff,0x23,0x23,0x27,0xff,
0x23,0x23,0x27,0xff,0x23,0x23,0x27,0xff,0x23,0x23,0x27,0xff,0x23,0x23,0x27,0xff,0x23,0x23,0x27,0xff,0x23,0x23,0x27,0xff,
0x23,0x23,0x27,0xff,0x23,0x23,0x27,0xff,0x23,0x23,0x27,0xff,0x23,0x23,0x27,0xff,0x23,0x23,0x27,0xff,0x23,0x23,0x27,0xff,
0x23,0x23,0x27,0xff,0x23,0x23,0x27,0xff,0x23,0x23,0x27,0xff,0x23,0x23,0x27,0xff,0x23,0x23,0x27,0xff,0x23,0x23,0x27,0xff,
0x1e,0x1e,0x22,0xff,0x0a,0x0a,0x0c,0xff,0x0a,0x0a,0x0c,0xff,0x0a,0x0a,0x0c,0xff,0x0a,0x0a,0x0c,0xff,0x0a,0x0a,0x0c,0xff,
0x0a,0x0a,0x0c,0xff,0x0a,0x0a,0x0c,0xff,0x0a,0x0a,0x0c,0xff,0x0a,0x0a,0x0c,0xff,0x0a,0x0a,0x0c,0xff,0x0a,0x0a,0x0c,0xff,
0x0a,0x0a,0x0c,0xff,0x1f,0x1f,0x22,0xee,0x19,0x19,0x1d,0xff,0x0a,0x0a,0x0c,0xff,0x0a,0x0a,0x0c,0xff,0x0a,0x0a,0x0c,0xff,
0x0a,0x0a,0x0c,0xff,0x0a,0x0a,0x0c,0xff,0x0a,0x0a,0x0c,0xff,0x0a,0x0a,0x0c,0xff,0x0a,0x0a,0x0c,0xff,0x0a,0x0a,0x0c,0xff,
0x0a,0x0a,0x0c,0xff,0x25,0x25,0x29,0xff,0x60,0x60,0x69,0xff,0x5b,0x5b,0x64,0xff,0x59,0x59,0x62,0xff,0x59,0x59,0x62,0xff,
0x59,0x59,0x62,0xff,0x59,0x59,0x62,0xff,0x59,0x59,0x62,0xff,0x59,0x59,0x62,0xff,0x59,0x59,0x62,0xff,0x59,0x59,0x62,0xff,
0x59,0x59,0x62,0xff,0x59,0x59,0x62,0xff,0x59,0x59,0x62,0xff,0x59,0x59,0x62,0xff,0x59,0x59,0x62,0xff,0x59,0x59,0x62,0xff,
0x59,0x59,0x62,0xff,0x59,0x59,0x62,0xff,0x59,0x59,0x62,0xff,0x59,0x59,0x62,0xff,0x59,0x59,0x62,0xff,0x59,0x59,0x62,0xff,
0x59,0x59,0x62,0xff,0x59,0x59,0x62,0xff,0x59,0x59,0x62,0xff,0x59,0x59,0x62,0xff,0x59,0x59,0x62,0xff,0x59,0x59,0x62,0xff,
0x59,0x59,0x62,0xff,0x59,0x59,0x62,0xff,0x59,0x59,0x62,0xff,0x59,0x59,0x62,0xff,0x59,0x59,0x62,0xff,0x59,0x59,0x62,0xff,
0x59,0x59,0x62,0xff,0x59,0x59,0x62,0xff,0x59,0x59,0x62,0xff,0x59,0x59,0x62,0xff,0x5b,0x5b,0x64,0xff,0x60,0x60,0x69,0xff,
0x25,0x25,0x29,0xff,0x0a,0x0a,0x0c,0xff,0x0a,0x0a,0x0c,0xff,0x0a,0x0a,0x0c,0xff,0x0a,0x0a,0x0c,0xff,0x0a,0x0a,0x0c,0xff,
0x0a,0x0a,0x0c,0xff,0x0a,0x0a,0x0c,0xff,0x0a,0x0a,0x0c,0xff,0x0a,0x0a,0x0c,0xff,0x0a,0x0a,0x0c,0xff,0x19,0x19,0x1d,0xfb,
0x1a,0x1a,0x1d,0xff,0x0a,0x0a,0x0c,0xff,0x0a,0x0a,0x0c,0xff,0x0a,0x0a,0x0c,0xff,0x0a,0x0a,0x0c,0xff,0x0a,0x0a,0x0c,0xff,
0x0a,0x0a,0x0c,0xff,0x0a,0x0a,0x0c,0xff,0x0a,0x0a,0x0c,0xff,0x0a,0x0a,0x0c,0xff,0x0a,0x0a,0x0c,0xff,0x53,0x53,0x5b,0xff,
0x44,0x44,0x4c,0xff,0x44,0x44,0x4c,0xff,0x44,0x44,0x4c,0xff,0x44,0x44,0x4c,0xff,0x44,0x44,0x4c,0xff,0x44,0x44,0x4c,0xff,
0x44,0x44,0x4c,0xff,0x44,0x44,0x4c,0xff,0x44,0x44,0x4c,0xff,0x44,0x44,0x4c,0xff,0x44,0x44,0x4c,0xff,0x44,0x44,0x4c,0xff,
0x44,0x44,0x4c,0xff,0x44,0x44,0x4c,0xff,0x44,0x44,0x4c,0xff,0x44,0x44,0x4c,0xff,0x44,0x44,0x4c,0xff,0x44,0x44,0x4c,0xff,
0x44,0x44,0x4c,0xff,0x44,0x44,0x4c,0xff,0x44,0x44,0x4c,0xff,0x44,0x44,0x4c,0xff,0x44,0x44,0x4c,0xff,0x44,0x44,0x4c,0xff,
0x44,0x44,0x4c,0xff,0x44,0x44,0x4c,0xff,0x44,0x44,0x4c,0xff,0x44,0x44,0x4c,0xff,0x44,0x44,0x4c,0xff,0x44,0x44,0x4c,0xff,
0x44,0x44,0x4c,0xff,0x44,0x44,0x4c,0xff,0x44,0x44,0x4c,0xff,0x44,0x44,0x4c,0xff,0x44,0x44,0x4c,0xff,0x44,0x44,0x4c,0xff,
0x44,0x44,0x4c,0xff,0x44,0x44,0x4c,0xff,0x44,0x44,0x4c,0xff,0x44,0x44,0x4c,0xff,0x53,0x53,0x5b,0xff,0x0a,0x0a,0x0c,0xff,
0x0a,0x0a,0x0c,0xff,0x0a,0x0a,0x0c,0xff,0x0a,0x0a,0x0c,0xff,0x0a,0x0a,0x0c,0xff,0x0a,0x0a,0x0c,0xff,0x0a,0x0a,0x0c,0xff,
0x0a,0x0a,0x0c,0xff,0x0a,0x0a,0x0c,0xff,0x0a,0x0a,0x0c,0xff,0x1a,0x1a,0x1e,0xff,0x1a,0x1a,0x1d,0xff,0x0a,0x0a,0x0c,0xff,
0x0a,0x0a,0x0c,0xff,0x0a,0x0a,0x0c,0xff,0x0a,0x0a,0x0c,0xff,0x0a,0x0a,0x0c,0xff,0x0a,0x0a,0x0c,0xff,0x0a,0x0a,0x0c,0xff,
0x0e,0x0e,0x11,0xff,0x23,0x23,0x28,0xff,0x26,0x26,0x2c,0xff,0x49,0x49,0x51,0xff,0x44,0x44,0x4c,0xff,0x44,0x44,0x4c,0xff,
0x44,0x44,0x4c,0xff,0x44,0x44,0x4c,0xff,0x44,0x44,0x4c,0xff,0x44,0x44,0x4c,0xff,0x44,0x44,0x4c,0xff,0x44,0x44,0x4c,0xff,
0x44,0x44,0x4c,0xff,0x44,0x44,0x4c,0xff,0x44,0x44,0x4c,0xff,0x44,0x44,0x4c,0xff,0x44,0x44,0x4c,0xff,0x44,0x44,0x4c,0xff,
0x44,0x44,0x4c,0xff,0x44,0x44,0x4c,0xff,0x44,0x44,0x4c,0xff,0x44,0x44,0x4c,0xff,0x44,0x44,0x4c,0xff,0x44,0x44,0x4c,0xff,
0x44,0x44,0x4c,0xff,0x44,0x44,0x4c,0xff,0x44,0x44,0x4c,0xff,0x44,0x44,0x4c,0xff,0x44,0x44,0x4c,0xff,0x44,0x44,0x4c,0xff,
0x44,0x44,0x4c,0xff,0x44,0x44,0x4c,0xff,0x44,0x44,0x4c,0xff,0x44,0x44,0x4c,0xff,0x44,0x44,0x4c,0xff,0x44,0x44,0x4c,0xff,
0x44,0x44,0x4c,0xff,0x44,0x44,0x4c,0xff,0x44,0x44,0x4c,0xff,0x44,0x44,0x4c,0xff,0x44,0x44,0x4c,0xff,0x44,0x44,0x4c,0xff,
0x44,0x44,0x4c,0xff,0x44,0x44,0x4c,0xff,0x49,0x49,0x51,0xff,0x26,0x26,0x2d,0xff,0x23,0x23,0x28,0xff,0x0f,0x0f,0x12,0xff,
0x0a,0x0a,0x0c,0xff,0x0a,0x0a,0x0c,0xff,0x0a,0x0a,0x0c,0xff,0x0a,0x0a,0x0c,0xff,0x0a,0x0a,0x0c,0xff,0x0a,0x0a,0x0c,0xff,
0x0a,0x0a,0x0c,0xff,0x1a,0x1a,0x1e,0xff,0x1a,0x1a,0x1d,0xff,0x0a,0x0a,0x0c,0xff,0x0a,0x0a,0x0c,0xff,0x0a,0x0a,0x0c,0xff,
0x0a,0x0a,0x0c,0xff,0x0a,0x0a,0x0c,0xff,0x0a,0x0a,0x0c,0xff,0x0a,0x0a,0x0c,0xff,0x1a,0x1a,0x1e,0xff,0x2e,0x2e,0x35,0xff,
0x30,0x30,0x37,0xff,0x45,0x45,0x4d,0xff,0x44,0x44,0x4c,0xff,0x44,0x44,0x4c,0xff,0x4c,0x48,0x4a,0xff,0x71,0x5e,0x42,0xff,
0x73,0x5f,0x41,0xff,0x73,0x5f,0x41,0xff,0x73,0x5f,0x41,0xff,0x73,0x5f,0x41,0xff,0x73,0x5f,0x41,0xff,0x73,0x5f,0x41,0xff,
0x73,0x5f,0x41,0xff,0x73,0x5f,0x41,0xff,0x73,0x5f,0x41,0xff,0x73,0x5f,0x41,0xff,0x73,0x5f,0x41,0xff,0x73,0x5f,0x41,0xff,
0x73,0x5f,0x41,0xff,0x64,0x56,0x45,0xff,0x44,0x44,0x4c,0xff,0x44,0x44,0x4c,0xff,0x44,0x44,0x4c,0xff,0x44,0x44,0x4c,0xff,
0x44,0x44,0x4c,0xff,0x44,0x44,0x4c,0xff,0x44,0x44,0x4c,0xff,0x44,0x44,0x4c,0xff,0x44,0x44,0x4c,0xff,0x44,0x44,0x4c,0xff,
0x44,0x44,0x4c,0xff,0x44,0x44,0x4c,0xff,0x44,0x44,0x4c,0xff,0x44,0x44,0x4c,0xff,0x44,0x44,0x4c,0xff,0x44,0x44,0x4c,0xff,
0x44,0x44,0x4c,0xff,0x44,0x44,0x4c,0xff,0x44,0x44,0x4c,0xff,0x44,0x44,0x4c,0xff,0x44,0x44,0x4c,0xff,0x44,0x44,0x4c,0xff,
0x45,0x45,0x4d,0xff,0x30,0x30,0x37,0xff,0x2e,0x2e,0x35,0xff,0x1a,0x1a,0x1e,0xff,0x0a,0x0a,0x0c,0xff,0x0a,0x0a,0x0c,0xff,
0x0a,0x0a,0x0c,0xff,0x0a,0x0a,0x0c,0xff,0x0a,0x0a,0x0c,0xff,0x0a,0x0a,0x0c,0xff,0x0a,0x0a,0x0c,0xff,0x1a,0x1a,0x1e,0xff,
0x1a,0x1a,0x1d,0xff,0x0a,0x0a,0x0c,0xff,0x0a,0x0a,0x0c,0xff,0x0a,0x0a,0x0c,0xff,0x0a,0x0a,0x0c,0xff,0x0a,0x0a,0x0c,0xff,
0x0a,0x0a,0x0c,0xff,0x0a,0x0a,0x0c,0xff,0x1c,0x1c,0x21,0xff,0x2e,0x2e,0x35,0xff,0x2e,0x2e,0x35,0xff,0x44,0x44,0x4c,0xff,
0x44,0x44,0x4c,0xff,0x44,0x44,0x4c,0xff,0xd6,0x99,0x2a,0xff,0xff,0xb0,0x20,0xff,0xff,0xb0,0x20,0xff,0xff,0xb0,0x20,0xff,
0xff,0xb0,0x20,0xff,0xff,0xb0,0x20,0xff,0xff,0xb0,0x20,0xff,0xff,0xb0,0x20,0xff,0xff,0xb0,0x20,0xff,0xff,0xb0,0x20,0xff,
0xff,0xb0,0x20,0xff,0xff,0xb0,0x20,0xff,0xff,0xb0,0x20,0xff,0xff,0xb0,0x20,0xff,0xff,0xb0,0x20,0xff,0xff,0xb0,0x20,0xff,
0x7f,0x66,0x3e,0xff,0x44,0x44,0x4c,0xff,0x44,0x44,0x4c,0xff,0x44,0x44,0x4c,0xff,0x44,0x44,0x4c,0xff,0x44,0x44,0x4c,0xff,
0x44,0x44,0x4c,0xff,0x47,0x47,0x4f,0xff,0x4d,0x4d,0x55,0xff,0x4d,0x4d,0x55,0xff,0x47,0x47,0x4f,0xff,0x44,0x44,0x4c,0xff,
0x44,0x44,0x4c,0xff,0x44,0x44,0x4c,0xff,0x44,0x44,0x4c,0xff,0x44,0x44,0x4c,0xff,0x4a,0x4a,0x52,0xff,0x4f,0x4f,0x57,0xff,
0x4a,0x4a,0x52,0xff,0x44,0x44,0x4c,0xff,0x44,0x44,0x4c,0xff,0x44,0x44,0x4c,0xff,0x44,0x44,0x4c,0xff,0x2e,0x2e,0x35,0xff,
0x2e,0x2e,0x35,0xff,0x1c,0x1c,0x21,0xff,0x0a,0x0a,0x0c,0xff,0x0a,0x0a,0x0c,0xff,0x0a,0x0a,0x0c,0xff,0x0a,0x0a,0x0c,0xff,
0x0a,0x0a,0x0c,0xff,0x0a,0x0a,0x0c,0xff,0x0a,0x0a,0x0c,0xff,0x1a,0x1a,0x1e,0xff,0x1a,0x1a,0x1d,0xff,0x0a,0x0a,0x0c,0xff,
0x0a,0x0a,0x0c,0xff,0x0a,0x0a,0x0c,0xff,0x0a,0x0a,0x0c,0xff,0x0a,0x0a,0x0c,0xff,0x0a,0x0a,0x0c,0xff,0x0a,0x0a,0x0c,0xff,
0x1c,0x1c,0x21,0xff,0x2e,0x2e,0x35,0xff,0x2e,0x2e,0x35,0xff,0x44,0x44,0x4c,0xff,0x44,0x44,0x4c,0xff,0x44,0x44,0x4c,0xff,
0xf9,0xad,0x22,0xff,0xff,0xb0,0x21,0xff,0xe9,0xa1,0x1f,0xff,0xe6,0x9f,0x1f,0xff,0xe6,0x9f,0x1f,0xff,0xe6,0x9f,0x1f,0xff,
0xe6,0x9f,0x1f,0xff,0xe6,0x9f,0x1f,0xff,0xe6,0x9f,0x1f,0xff,0xf5,0xa9,0x20,0xff,0xff,0xb0,0x20,0xff,0xff,0xb0,0x20,0xff,
0xff,0xb0,0x20,0xff,0xff,0xb0,0x20,0xff,0xff,0xb0,0x20,0xff,0xff,0xb0,0x20,0xff,0xad,0x81,0x33,0xff,0x44,0x44,0x4c,0xff,
0x44,0x44,0x4c,0xff,0x44,0x44,0x4c,0xff,0x44,0x44,0x4c,0xff,0x45,0x45,0x4d,0xff,0x4f,0x4f,0x57,0xff,0x47,0x47,0x4e,0xff,
0x34,0x34,0x3b,0xff,0x34,0x34,0x3b,0xff,0x45,0x45,0x4d,0xff,0x4e,0x4e,0x56,0xff,0x45,0x45,0x4d,0xff,0x44,0x44,0x4c,0xff,
0x48,0x48,0x51,0xff,0x50,0x50,0x58,0xff,0x3d,0x3d,0x45,0xff,0x2c,0x2c,0x32,0xff,0x3d,0x3d,0x44,0xff,0x4f,0x4f,0x58,0xff,
0x49,0x49,0x51,0xff,0x44,0x44,0x4c,0xff,0x44,0x44,0x4c,0xff,0x2e,0x2e,0x35,0xff,0x2e,0x2e,0x35,0xff,0x1c,0x1c,0x21,0xff,
0x0a,0x0a,0x0c,0xff,0x0a,0x0a,0x0c,0xff,0x0a,0x0a,0x0c,0xff,0x0a,0x0a,0x0c,0xff,0x0a,0x0a,0x0c,0xff,0x0a,0x0a,0x0c,0xff,
0x0a,0x0a,0x0c,0xff,0x1a,0x1a,0x1e,0xff,0x1a,0x1a,0x1d,0xff,0x0a,0x0a,0x0c,0xff,0x0a,0x0a,0x0c,0xff,0x0a,0x0a,0x0c,0xff,
0x0a,0x0a,0x0c,0xff,0x0a,0x0a,0x0c,0xff,0x0a,0x0a,0x0c,0xff,0x0a,0x0a,0x0c,0xff,0x1c,0x1c,0x21,0xff,0x2e,0x2e,0x35,0xff,
0x2e,0x2e,0x35,0xff,0x44,0x44,0x4c,0xff,0x44,0x44,0x4c,0xff,0x44,0x44,0x4c,0xff,0xff,0xb0,0x20,0xff,0xf1,0xa7,0x1f,0xff,
0x9f,0x6f,0x18,0xff,0x9d,0x6e,0x18,0xff,0x9d,0x6e,0x18,0xff,0x9d,0x6e,0x18,0xff,0x9d,0x6e,0x18,0xff,0x9d,0x6e,0x18,0xff,
0x9d,0x6e,0x18,0xff,0xc3,0x88,0x1c,0xff,0xff,0xb0,0x20,0xff,0xff,0xb0,0x20,0xff,0xff,0xb0,0x20,0xff,0xff,0xb0,0x20,0xff,
0xff,0xb0,0x20,0xff,0xff,0xb0,0x20,0xff,0xa2,0x7a,0x36,0xff,0x44,0x44,0x4c,0xff,0x44,0x44,0x4c,0xff,0x44,0x44,0x4c,0xff,
0x44,0x44,0x4c,0xff,0x4a,0x4a,0x52,0xff,0x3c,0x3c,0x43,0xff,0xa6,0xa4,0xa2,0xff,0x32,0x32,0x36,0xff,0x1c,0x1c,0x21,0xff,
0x1c,0x1c,0x21,0xff,0x3b,0x3b,0x43,0xff,0x49,0x49,0x51,0xff,0x44,0x44,0x4c,0xff,0x4d,0x4d,0x54,0xff,0x23,0x23,0x29,0xff,
0x1c,0x1c,0x21,0xff,0x1c,0x1c,0x21,0xff,0x52,0x52,0x54,0xff,0x7d,0x7c,0x7c,0xff,0x4c,0x4c,0x54,0xff,0x44,0x44,0x4c,0xff,
0x44,0x44,0x4c,0xff,0x2e,0x2e,0x35,0xff,0x2e,0x2e,0x35,0xff,0x1c,0x1c,0x21,0xff,0x0a,0x0a,0x0c,0xff,0x0a,0x0a,0x0c,0xff,
0x0a,0x0a,0x0c,0xff,0x0a,0x0a,0x0c,0xff,0x0a,0x0a,0x0c,0xff,0x0a,0x0a,0x0c,0xff,0x0a,0x0a,0x0c,0xff,0x1a,0x1a,0x1e,0xff,
0x1a,0x1a,0x1d,0xff,0x0a,0x0a,0x0c,0xff,0x0a,0x0a,0x0c,0xff,0x0a,0x0a,0x0c,0xff,0x0a,0x0a,0x0c,0xff,0x0a,0x0a,0x0c,0xff,
0x0a,0x0a,0x0c,0xff,0x0a,0x0a,0x0c,0xff,0x1c,0x1c,0x21,0xff,0x22,0x22,0x27,0xff,0x2a,0x2a,0x30,0xff,0x44,0x44,0x4c,0xff,
0x44,0x44,0x4c,0xff,0x44,0x44,0x4c,0xff,0xff,0xb0,0x20,0xff,0xff,0xb0,0x20,0xff,0xff,0xb0,0x20,0xff,0xff,0xb0,0x20,0xff,
0xff,0xb0,0x20,0xff,0xff,0xb0,0x20,0xff,0xff,0xb0,0x20,0xff,0xff,0xb0,0x20,0xff,0xff,0xb0,0x20,0xff,0xff,0xb0,0x20,0xff,
0xff,0xb0,0x20,0xff,0xff,0xb0,0x20,0xff,0xff,0xb0,0x20,0xff,0xff,0xb0,0x20,0xff,0xff,0xb0,0x20,0xff,0xff,0xb0,0x20,0xff,
0xa2,0x7a,0x36,0xff,0x44,0x44,0x4c,0xff,0x44,0x44,0x4c,0xff,0x44,0x44,0x4c,0xff,0x44,0x44,0x4c,0xff,0x49,0x49,0x51,0xff,
0x28,0x28,0x2d,0xff,0x32,0x32,0x36,0xff,0xa6,0xa4,0xa2,0xff,0x1c,0x1c,0x21,0xff,0x1c,0x1c,0x21,0xff,0x28,0x28,0x2d,0xff,
0x48,0x48,0x51,0xff,0x48,0x48,0x51,0xff,0x3f,0x3f,0x46,0xff,0x1c,0x1c,0x21,0xff,0x1c,0x1c,0x21,0xff,0x44,0x44,0x46,0xff,
0x94,0x93,0x91,0xff,0x1c,0x1c,0x21,0xff,0x3e,0x3e,0x46,0xff,0x48,0x48,0x51,0xff,0x44,0x44,0x4c,0xff,0x2a,0x2a,0x30,0xff,
0x22,0x22,0x27,0xff,0x1c,0x1c,0x21,0xff,0x0a,0x0a,0x0c,0xff,0x0a,0x0a,0x0c,0xff,0x0a,0x0a,0x0c,0xff,0x0a,0x0a,0x0c,0xff,
0x0a,0x0a,0x0c,0xff,0x0a,0x0a,0x0c,0xff,0x0a,0x0a,0x0c,0xff,0x1a,0x1a,0x1e,0xff,0x1a,0x1a,0x1d,0xff,0x0a,0x0a,0x0c,0xff,
0x0a,0x0a,0x0c,0xff,0x0a,0x0a,0x0c,0xff,0x0a,0x0a,0x0c,0xff,0x0a,0x0a,0x0c,0xff,0x0a,0x0a,0x0c,0xff,0x0a,0x0a,0x0c,0xff,
0x1c,0x1c,0x21,0xff,0x0b,0x0b,0x0d,0xff,0x1d,0x1d,0x21,0xff,0x44,0x44,0x4c,0xff,0x44,0x44,0x4c,0xff,0x44,0x44,0x4c,0xff,
0xff,0xb0,0x20,0xff,0xf1,0xa7,0x1f,0xff,0x9f,0x6f,0x18,0xff,0x9d,0x6e,0x18,0xff,0x9d,0x6e,0x18,0xff,0x9d,0x6e,0x18,0xff,
0x9d,0x6e,0x18,0xff,0x9d,0x6e,0x18,0xff,0x9d,0x6e,0x18,0xff,0x9d,0x6e,0x18,0xff,0x9d,0x6e,0x18,0xff,0x9d,0x6e,0x18,0xff,
0x9d,0x6e,0x18,0xff,0xdb,0x98,0x1d,0xff,0xff,0xb0,0x20,0xff,0xff,0xb0,0x20,0xff,0xa2,0x7a,0x36,0xff,0x44,0x44,0x4c,0xff,
0x44,0x44,0x4c,0xff,0x44,0x44,0x4c,0xff,0x44,0x44,0x4c,0xff,0x49,0x49,0x52,0xff,0x1e,0x1e,0x23,0xff,0x1c,0x1c,0x21,0xff,
0x49,0x49,0x4b,0xff,0x5d,0x5c,0x5d,0xff,0x1c,0x1c,0x21,0xff,0x1e,0x1e,0x23,0xff,0x49,0x49,0x52,0xff,0x4d,0x4d,0x56,0xff,
0x2f,0x2f,0x37,0xff,0x1c,0x1c,0x21,0xff,0x29,0x29,0x2e,0xff,0x78,0x77,0x77,0xff,0x1c,0x1c,0x21,0xff,0x1c,0x1c,0x21,0xff,
0x2f,0x2f,0x37,0xff,0x4d,0x4d,0x56,0xff,0x44,0x44,0x4c,0xff,0x1d,0x1d,0x21,0xff,0x0b,0x0b,0x0d,0xff,0x1c,0x1c,0x21,0xff,
0x0a,0x0a,0x0c,0xff,0x0a,0x0a,0x0c,0xff,0x0a,0x0a,0x0c,0xff,0x0a,0x0a,0x0c,0xff,0x0a,0x0a,0x0c,0xff,0x0a,0x0a,0x0c,0xff,
0x0a,0x0a,0x0c,0xff,0x1a,0x1a,0x1e,0xff,0x1a,0x1a,0x1d,0xff,0x0a,0x0a,0x0c,0xff,0x0a,0x0a,0x0c,0xff,0x0a,0x0a,0x0c,0xff,
0x0a,0x0a,0x0c,0xff,0x0a,0x0a,0x0c,0xff,0x0a,0x0a,0x0c,0xff,0x0a,0x0a,0x0c,0xff,0x1c,0x1c,0x21,0xff,0x2a,0x2a,0x30,0xff,
0x2d,0x2d,0x34,0xff,0x44,0x44,0x4c,0xff,0x44,0x44,0x4c,0xff,0x44,0x44,0x4c,0xff,0xff,0xb0,0x20,0xff,0xff,0xb0,0x20,0xff,
0xff,0xb0,0x20,0xff,0xff,0xb0,0x20,0xff,0xff,0xb0,0x20,0xff,0xff,0xb0,0x20,0xff,0xff,0xb0,0x20,0xff,0xff,0xb0,0x20,0xff,
0xff,0xb0,0x20,0xff,0xff,0xb0,0x20,0xff,0xff,0xb0,0x20,0xff,0xff,0xb0,0x20,0xff,0xff,0xb0,0x20,0xff,0xff,0xb0,0x20,0xff,
0xff,0xb0,0x20,0xff,0xff,0xb0,0x20,0xff,0xa2,0x7a,0x36,0xff,0x44,0x44,0x4c,0xff,0x44,0x44,0x4c,0xff,0x44,0x44,0x4c,0xff,
0x44,0x44,0x4c,0xff,0x46,0x46,0x4e,0xff,0x2b,0x2b,0x31,0xff,0x1c,0x1c,0x21,0xff,0x1c,0x1c,0x21,0xff,0x1c,0x1c,0x21,0xff,
0x1c,0x1c,0x21,0xff,0x2b,0x2b,0x31,0xff,0x47,0x47,0x4f,0xff,0x47,0x47,0x4f,0xff,0x42,0x42,0x49,0xff,0x1c,0x1c,0x21,0xff,
0x1c,0x1c,0x21,0xff,0x1c,0x1c,0x21,0xff,0x1c,0x1c,0x21,0xff,0x1c,0x1c,0x21,0xff,0x42,0x42,0x4a,0xff,0x47,0x47,0x4f,0xff,
0x44,0x44,0x4c,0xff,0x2d,0x2d,0x34,0xff,0x2a,0x2a,0x30,0xff,0x1c,0x1c,0x21,0xff,0x0a,0x0a,0x0c,0xff,0x0a,0x0a,0x0c,0xff,
0x0a,0x0a,0x0c,0xff,0x0a,0x0a,0x0c,0xff,0x0a,0x0a,0x0c,0xff,0x0a,0x0a,0x0c,0xff,0x0a,0x0a,0x0c,0xff,0x1a,0x1a,0x1e,0xff,
0x1a,0x1a,0x1d,0xff,0x0a,0x0a,0x0c,0xff,0x0a,0x0a,0x0c,0xff,0x0a,0x0a,0x0c,0xff,0x0a,0x0a,0x0c,0xff,0x0a,0x0a,0x0c,0xff,
0x0a,0x0a,0x0c,0xff,0x0a,0x0a,0x0c,0xff,0x1c,0x1c,0x21,0xff,0x2e,0x2e,0x35,0xff,0x2e,0x2e,0x35,0xff,0x44,0x44,0x4c,0xff,
0x44,0x44,0x4c,0xff,0x44,0x44,0x4c,0xff,0x8f,0x6f,0x3b,0xff,0xce,0x94,0x2c,0xff,0xd0,0x95,0x2b,0xff,0xd0,0x95,0x2b,0xff,
0xd0,0x95,0x2b,0xff,0xd0,0x95,0x2b,0xff,0xd0,0x95,0x2b,0xff,0xd0,0x95,0x2b,0xff,0xd0,0x95,0x2b,0xff,0xd0,0x95,0x2b,0xff,
0xd0,0x95,0x2b,0xff,0xd0,0x95,0x2b,0xff,0xd0,0x95,0x2b,0xff,0xd0,0x95,0x2b,0xff,0xd0,0x95,0x2b,0xff,0xc1,0x8c,0x2f,0xff,
0x5c,0x52,0x47,0xff,0x44,0x44,0x4c,0xff,0x44,0x44,0x4c,0xff,0x44,0x44,0x4c,0xff,0x44,0x44,0x4c,0xff,0x48,0x48,0x50,0xff,
0x42,0x42,0x49,0xff,0x21,0x21,0x27,0xff,0x1c,0x1c,0x21,0xff,0x1c,0x1c,0x21,0xff,0x21,0x21,0x27,0xff,0x42,0x42,0x49,0xff,
0x48,0x48,0x4f,0xff,0x44,0x44,0x4c,0xff,0x48,0x48,0x51,0xff,0x2f,0x2f,0x35,0xff,0x1c,0x1c,0x21,0xff,0x1c,0x1c,0x21,0xff,
0x1c,0x1c,0x21,0xff,0x2f,0x2f,0x36,0xff,0x47,0x47,0x50,0xff,0x44,0x44,0x4c,0xff,0x44,0x44,0x4c,0xff,0x2e,0x2e,0x35,0xff,
0x2e,0x2e,0x35,0xff,0x1c,0x1c,0x21,0xff,0x0a,0x0a,0x0c,0xff,0x0a,0x0a,0x0c,0xff,0x0a,0x0a,0x0c,0xff,0x0a,0x0a,0x0c,0xff,
0x0a,0x0a,0x0c,0xff,0x0a,0x0a,0x0c,0xff,0x0a,0x0a,0x0c,0xff,0x1a,0x1a,0x1e,0xff,0x1a,0x1a,0x1d,0xff,0x0a,0x0a,0x0c,0xff,
0x0a,0x0a,0x0c,0xff,0x0a,0x0a,0x0c,0xff,0x0a,0x0a,0x0c,0xff,0x0a,0x0a,0x0c,0xff,0x0a,0x0a,0x0c,0xff,0x0a,0x0a,0x0c,0xff,
0x1c,0x1c,0x21,0xff,0x2e,0x2e,0x35,0xff,0x2e,0x2e,0x35,0xff,0x44,0x44,0x4c,0xff,0x44,0x44,0x4c,0xff,0x44,0x44,0x4c,0xff,
0x44,0x44,0x4c,0xff,0x44,0x44,0x4c,0xff,0x44,0x44,0x4c,0xff,0x44,0x44,0x4c,0xff,0x44,0x44,0x4c,0xff,0x44,0x44,0x4c,0xff,
0x44,0x44,0x4c,0xff,0x44,0x44,0x4c,0xff,0x44,0x44,0x4c,0xff,0x44,0x44,0x4c,0xff,0x44,0x44,0x4c,0xff,0x44,0x44,0x4c,0xff,
0x44,0x44,0x4c,0xff,0x44,0x44,0x4c,0xff,0x44,0x44,0x4c,0xff,0x44,0x44,0x4c,0xff,0x44,0x44,0x4c,0xff,0x44,0x44,0x4c,0xff,
0x44,0x44,0x4c,0xff,0x44,0x44,0x4c,0xff,0x44,0x44,0x4c,0xff,0x44,0x44,0x4c,0xff,0x42,0x42,0x4a,0xff,0x45,0x45,0x4c,0xff,
0x3d,0x3d,0x44,0xff,0x3d,0x3d,0x44,0xff,0x45,0x45,0x4c,0xff,0x42,0x42,0x4a,0xff,0x44,0x44,0x4c,0xff,0x44,0x44,0x4c,0xff,
0x43,0x43,0x4b,0xff,0x44,0x44,0x4c,0xff,0x45,0x45,0x4d,0xff,0x34,0x34,0x3b,0xff,0x45,0x45,0x4d,0xff,0x44,0x44,0x4c,0xff,
0x43,0x43,0x4b,0xff,0x44,0x44,0x4c,0xff,0x44,0x44,0x4c,0xff,0x2e,0x2e,0x35,0xff,0x2e,0x2e,0x35,0xff,0x1c,0x1c,0x21,0xff,
0x0a,0x0a,0x0c,0xff,0x0a,0x0a,0x0c,0xff,0x0a,0x0a,0x0c,0xff,0x0a,0x0a,0x0c,0xff,0x0a,0x0a,0x0c,0xff,0x0a,0x0a,0x0c,0xff,
0x0a,0x0a,0x0c,0xff,0x1a,0x1a,0x1e,0xff,0x1a,0x1a,0x1d,0xff,0x0a,0x0a,0x0c,0xff,0x0a,0x0a,0x0c,0xff,0x0a,0x0a,0x0c,0xff,
0x0a,0x0a,0x0c,0xff,0x0a,0x0a,0x0c,0xff,0x0a,0x0a,0x0c,0xff,0x0a,0x0a,0x0c,0xff,0x1c,0x1c,0x21,0xff,0x2e,0x2e,0x35,0xff,
0x2e,0x2e,0x35,0xff,0x44,0x44,0x4c,0xff,0x44,0x44,0x4c,0xff,0x44,0x44,0x4c,0xff,0x3d,0x3d,0x44,0xff,0x37,0x37,0x3e,0xff,
0x37,0x37,0x3e,0xff,0x40,0x40,0x47,0xff,0x44,0x44,0x4c,0xff,0x3a,0x3a,0x41,0xff,0x37,0x37,0x3e,0xff,0x38,0x38,0x3f,0xff,
0x42,0x42,0x4a,0xff,0x42,0x42,0x4a,0xff,0x38,0x38,0x3f,0xff,0x37,0x37,0x3e,0xff,0x3a,0x3a,0x41,0xff,0x44,0x44,0x4c,0xff,
0x44,0x44,0x4c,0xff,0x44,0x44,0x4c,0xff,0x44,0x44,0x4c,0xff,0x44,0x44,0x4c,0xff,0x44,0x44,0x4c,0xff,0x44,0x44,0x4c,0xff,
0x44,0x44,0x4c,0xff,0x44,0x44,0x4c,0xff,0x44,0x44,0x4c,0xff,0x44,0x44,0x4c,0xff,0x48,0x48,0x51,0xff,0x48,0x48,0x51,0xff,
0x44,0x44,0x4c,0xff,0x44,0x44,0x4c,0xff,0x44,0x44,0x4c,0xff,0x44,0x44,0x4c,0xff,0x44,0x44,0x4c,0xff,0x44,0x44,0x4c,0xff,
0x46,0x46,0x4e,0xff,0x4b,0x4b,0x53,0xff,0x46,0x46,0x4e,0xff,0x44,0x44,0x4c,0xff,0x44,0x44,0x4c,0xff,0x44,0x44,0x4c,0xff,
0x44,0x44,0x4c,0xff,0x2e,0x2e,0x35,0xff,0x2e,0x2e,0x35,0xff,0x1c,0x1c,0x21,0xff,0x0a,0x0a,0x0c,0xff,0x0a,0x0a,0x0c,0xff,
0x0a,0x0a,0x0c,0xff,0x0a,0x0a,0x0c,0xff,0x0a,0x0a,0x0c,0xff,0x0a,0x0a,0x0c,0xff,0x0a,0x0a,0x0c,0xff,0x1a,0x1a,0x1e,0xff,
0x1a,0x1a,0x1d,0xff,0x0a,0x0a,0x0c,0xff,0x0a,0x0a,0x0c,0xff,0x0a,0x0a,0x0c,0xff,0x0a,0x0a,0x0c,0xff,0x0a,0x0a,0x0c,0xff,
0x0a,0x0a,0x0c,0xff,0x0a,0x0a,0x0c,0xff,0x1c,0x1c,0x21,0xff,0x2e,0x2e,0x35,0xff,0x2e,0x2e,0x35,0xff,0x44,0x44,0x4c,0xff,
0x44,0x44,0x4c,0xff,0x44,0x44,0x4c,0xff,0x2d,0x2d,0x33,0xff,0x2a,0x2a,0x30,0xff,0x2a,0x2a,0x30,0xff,0x33,0x33,0x3a,0xff,
0x40,0x40,0x48,0xff,0x2a,0x2a,0x30,0xff,0x2a,0x2a,0x30,0xff,0x2a,0x2a,0x30,0xff,0x3a,0x3a,0x41,0xff,0x3a,0x3a,0x41,0xff,
0x2a,0x2a,0x30,0xff,0x2a,0x2a,0x30,0xff,0x2a,0x2a,0x30,0xff,0x40,0x40,0x48,0xff,0x6d,0x5c,0x43,0xff,0xcb,0x92,0x2d,0xff,
0x44,0x44,0x4c,0xff,0x44,0x44,0x4c,0xff,0x44,0x44,0x4c,0xff,0x44,0x44,0x4c,0xff,0x44,0x44,0x4c,0xff,0x44,0x44,0x4c,0xff,
0x44,0x44,0x4c,0xff,0x44,0x44,0x4c,0xff,0x44,0x44,0x4c,0xff,0x44,0x44,0x4c,0xff,0x44,0x44,0x4c,0xff,0x44,0x44,0x4c,0xff,
0x44,0x44,0x4c,0xff,0x44,0x44,0x4c,0xff,0x44,0x44,0x4c,0xff,0x44,0x44,0x4c,0xff,0x44,0x44,0x4c,0xff,0x44,0x44,0x4c,0xff,
0x44,0x44,0x4c,0xff,0x44,0x44,0x4c,0xff,0x44,0x44,0x4c,0xff,0x44,0x44,0x4c,0xff,0x44,0x44,0x4c,0xff,0x2e,0x2e,0x35,0xff,
0x2e,0x2e,0x35,0xff,0x1c,0x1c,0x21,0xff,0x0a,0x0a,0x0c,0xff,0x0a,0x0a,0x0c,0xff,0x0a,0x0a,0x0c,0xff,0x0a,0x0a,0x0c,0xff,
0x0a,0x0a,0x0c,0xff,0x0a,0x0a,0x0c,0xff,0x0a,0x0a,0x0c,0xff,0x1a,0x1a,0x1e,0xff,0x1a,0x1a,0x1d,0xff,0x0a,0x0a,0x0c,0xff,
0x0a,0x0a,0x0c,0xff,0x0a,0x0a,0x0c,0xff,0x0a,0x0a,0x0c,0xff,0x0a,0x0a,0x0c,0xff,0x0a,0x0a,0x0c,0xff,0x0a,0x0a,0x0c,0xff,
0x0c,0x0c,0x0e,0xff,0x1a,0x1a,0x1e,0xff,0x1c,0x1c,0x21,0xff,0x44,0x44,0x4c,0xff,0x44,0x44,0x4c,0xff,0x44,0x44,0x4c,0xff,
0x3d,0x3d,0x44,0xff,0x37,0x37,0x3e,0xff,0x37,0x37,0x3e,0xff,0x40,0x40,0x47,0xff,0x44,0x44,0x4c,0xff,0x3a,0x3a,0x41,0xff,
0x37,0x37,0x3e,0xff,0x38,0x38,0x3f,0xff,0x42,0x42,0x4a,0xff,0x42,0x42,0x4a,0xff,0x38,0x38,0x3f,0xff,0x37,0x37,0x3e,0xff,
0x3a,0x3a,0x41,0xff,0x44,0x44,0x4c,0xff,0x46,0x45,0x4c,0xff,0x59,0x50,0x47,0xff,0x44,0x44,0x4c,0xff,0x44,0x44,0x4c,0xff,
0x44,0x44,0x4c,0xff,0x44,0x44,0x4c,0xff,0x44,0x44,0x4c,0xff,0x44,0x44,0x4c,0xff,0x44,0x44,0x4c,0xff,0x44,0x44,0x4c,0xff,
0x44,0x44,0x4c,0xff,0x44,0x44,0x4c,0xff,0x44,0x44,0x4c,0xff,0x44,0x44,0x4c,0xff,0x44,0x44,0x4c,0xff,0x44,0x44,0x4c,0xff,
0x44,0x44,0x4c,0xff,0x44,0x44,0x4c,0xff,0x44,0x44,0x4c,0xff,0x44,0x44,0x4c,0xff,0x44,0x44,0x4c,0xff,0x44,0x44,0x4c,0xff,
0x44,0x44,0x4c,0xff,0x44,0x44,0x4c,0xff,0x44,0x44,0x4c,0xff,0x1c,0x1c,0x21,0xff,0x1a,0x1a,0x1e,0xff,0x0c,0x0c,0x0f,0xff,
0x0a,0x0a,0x0c,0xff,0x0a,0x0a,0x0c,0xff,0x0a,0x0a,0x0c,0xff,0x0a,0x0a,0x0c,0xff,0x0a,0x0a,0x0c,0xff,0x0a,0x0a,0x0c,0xff,
0x0a,0x0a,0x0c,0xff,0x1a,0x1a,0x1e,0xff,0x1a,0x1a,0x1d,0xff,0x0a,0x0a,0x0c,0xff,0x0a,0x0a,0x0c,0xff,0x0a,0x0a,0x0c,0xff,
0x0a,0x0a,0x0c,0xff,0x0a,0x0a,0x0c,0xff,0x0a,0x0a,0x0c,0xff,0x0a,0x0a,0x0c,0xff,0x0a,0x0a,0x0c,0xff,0x0a,0x0a,0x0c,0xff,
0x0a,0x0a,0x0c,0xff,0x48,0x48,0x50,0xff,0x44,0x44,0x4c,0xff,0x44,0x44,0x4c,0xff,0x44,0x44,0x4c,0xff,0x44,0x44,0x4c,0xff,
0x44,0x44,0x4c,0xff,0x44,0x44,0x4c,0xff,0x44,0x44,0x4c,0xff,0x44,0x44,0x4c,0xff,0x44,0x44,0x4c,0xff,0x44,0x44,0x4c,0xff,
0x44,0x44,0x4c,0xff,0x44,0x44,0x4c,0xff,0x44,0x44,0x4c,0xff,0x44,0x44,0x4c,0xff,0x44,0x44,0x4c,0xff,0x44,0x44,0x4c,0xff,
0x44,0x44,0x4c,0xff,0x44,0x44,0x4c,0xff,0x44,0x44,0x4c,0xff,0x44,0x44,0x4c,0xff,0x44,0x44,0x4c,0xff,0x44,0x44,0x4c,0xff,
0x44,0x44,0x4c,0xff,0x44,0x44,0x4c,0xff,0x44,0x44,0x4c,0xff,0x44,0x44,0x4c,0xff,0x44,0x44,0x4c,0xff,0x44,0x44,0x4c,0xff,
0x44,0x44,0x4c,0xff,0x44,0x44,0x4c,0xff,0x44,0x44,0x4c,0xff,0x44,0x44,0x4c,0xff,0x44,0x44,0x4c,0xff,0x44,0x44,0x4c,0xff,
0x44,0x44,0x4c,0xff,0x44,0x44,0x4c,0xff,0x44,0x44,0x4c,0xff,0x44,0x44,0x4c,0xff,0x44,0x44,0x4c,0xff,0x44,0x44,0x4c,0xff,
0x48,0x48,0x50,0xff,0x0a,0x0a,0x0c,0xff,0x0a,0x0a,0x0c,0xff,0x0a,0x0a,0x0c,0xff,0x0a,0x0a,0x0c,0xff,0x0a,0x0a,0x0c,0xff,
0x0a,0x0a,0x0c,0xff,0x0a,0x0a,0x0c,0xff,0x0a,0x0a,0x0c,0xff,0x0a,0x0a,0x0c,0xff,0x0a,0x0a,0x0c,0xff,0x1a,0x1a,0x1e,0xff,
0x1a,0x1a,0x1d,0xff,0x0a,0x0a,0x0c,0xff,0x0a,0x0a,0x0c,0xff,0x0a,0x0a,0x0c,0xff,0x0a,0x0a,0x0c,0xff,0x0a,0x0a,0x0c,0xff,
0x0a,0x0a,0x0c,0xff,0x0a,0x0a,0x0c,0xff,0x0a,0x0a,0x0c,0xff,0x0a,0x0a,0x0c,0xff,0x0a,0x0a,0x0c,0xff,0x1d,0x1d,0x21,0xff,
0x47,0x47,0x4f,0xff,0x46,0x46,0x4e,0xff,0x44,0x44,0x4c,0xff,0x44,0x44,0x4c,0xff,0x44,0x44,0x4c,0xff,0x44,0x44,0x4c,0xff,
0x44,0x44,0x4c,0xff,0x44,0x44,0x4c,0xff,0x44,0x44,0x4c,0xff,0x44,0x44,0x4c,0xff,0x44,0x44,0x4c,0xff,0x44,0x44,0x4c,0xff,
0x44,0x44,0x4c,0xff,0x44,0x44,0x4c,0xff,0x44,0x44,0x4c,0xff,0x44,0x44,0x4c,0xff,0x44,0x44,0x4c,0xff,0x44,0x44,0x4c,0xff,
0x44,0x44,0x4c,0xff,0x44,0x44,0x4c,0xff,0x44,0x44,0x4c,0xff,0x44,0x44,0x4c,0xff,0x44,0x44,0x4c,0xff,0x44,0x44,0x4c,0xff,
0x44,0x44,0x4c,0xff,0x44,0x44,0x4c,0xff,0x44,0x44,0x4c,0xff,0x44,0x44,0x4c,0xff,0x44,0x44,0x4c,0xff,0x44,0x44,0x4c,0xff,
0x44,0x44,0x4c,0xff,0x44,0x44,0x4c,0xff,0x44,0x44,0x4c,0xff,0x44,0x44,0x4c,0xff,0x44,0x44,0x4c,0xff,0x44,0x44,0x4c,0xff,
0x44,0x44,0x4c,0xff,0x44,0x44,0x4c,0xff,0x46,0x46,0x4e,0xff,0x47,0x47,0x4f,0xff,0x1d,0x1d,0x21,0xff,0x0a,0x0a,0x0c,0xff,
0x0a,0x0a,0x0c,0xff,0x0a,0x0a,0x0c,0xff,0x0a,0x0a,0x0c,0xff,0x0a,0x0a,0x0c,0xff,0x0a,0x0a,0x0c,0xff,0x0a,0x0a,0x0c,0xff,
0x0a,0x0a,0x0c,0xff,0x0a,0x0a,0x0c,0xff,0x0a,0x0a,0x0c,0xff,0x1a,0x1a,0x1e,0xff,0x1a,0x1a,0x1d,0xff,0x0a,0x0a,0x0c,0xff,
0x0a,0x0a,0x0c,0xff,0x0a,0x0a,0x0c,0xff,0x0a,0x0a,0x0c,0xff,0x0a,0x0a,0x0c,0xff,0x0a,0x0a,0x0c,0xff,0x0a,0x0a,0x0c,0xff,
0x0a,0x0a,0x0c,0xff,0x0a,0x0a,0x0c,0xff,0x0a,0x0a,0x0c,0xff,0x0a,0x0a,0x0c,0xff,0x0a,0x0a,0x0c,0xff,0x0a,0x0a,0x0c,0xff,
0x0a,0x0a,0x0c,0xff,0x0a,0x0a,0x0c,0xff,0x0a,0x0a,0x0c,0xff,0x0a,0x0a,0x0c,0xff,0x0a,0x0a,0x0c,0xff,0x0a,0x0a,0x0c,0xff,
0x0a,0x0a,0x0c,0xff,0x0a,0x0a,0x0c,0xff,0x0a,0x0a,0x0c,0xff,0x0a,0x0a,0x0c,0xff,0x0a,0x0a,0x0c,0xff,0x0a,0x0a,0x0c,0xff,
0x0a,0x0a,0x0c,0xff,0x0a,0x0a,0x0c,0xff,0x0a,0x0a,0x0c,0xff,0x0a,0x0a,0x0c,0xff,0x0a,0x0a,0x0c,0xff,0x0a,0x0a,0x0c,0xff,
0x0a,0x0a,0x0c,0xff,0x0a,0x0a,0x0c,0xff,0x0a,0x0a,0x0c,0xff,0x0a,0x0a,0x0c,0xff,0x0a,0x0a,0x0c,0xff,0x0a,0x0a,0x0c,0xff,
0x0a,0x0a,0x0c,0xff,0x0a,0x0a,0x0c,0xff,0x0a,0x0a,0x0c,0xff,0x0a,0x0a,0x0c,0xff,0x0a,0x0a,0x0c,0xff,0x0a,0x0a,0x0c,0xff,
0x0a,0x0a,0x0c,0xff,0x0a,0x0a,0x0c,0xff,0x0a,0x0a,0x0c,0xff,0x0a,0x0a,0x0c,0xff,0x0a,0x0a,0x0c,0xff,0x0a,0x0a,0x0c,0xff,
0x0a,0x0a,0x0c,0xff,0x0a,0x0a,0x0c,0xff,0x0a,0x0a,0x0c,0xff,0x0a,0x0a,0x0c,0xff,0x0a,0x0a,0x0c,0xff,0x0a,0x0a,0x0c,0xff,
0x0a,0x0a,0x0c,0xff,0x0a,0x0a,0x0c,0xff,0x0a,0x0a,0x0c,0xff,0x0a,0x0a,0x0c,0xff,0x0a,0x0a,0x0c,0xff,0x0a,0x0a,0x0c,0xff,
0x0a,0x0a,0x0c,0xff,0x1a,0x1a,0x1e,0xff,0x1a,0x1a,0x1d,0xff,0x0a,0x0a,0x0c,0xff,0x0a,0x0a,0x0c,0xff,0x0a,0x0a,0x0c,0xff,
0x0a,0x0a,0x0c,0xff,0x0a,0x0a,0x0c,0xff,0x0a,0x0a,0x0c,0xff,0x0a,0x0a,0x0c,0xff,0x0a,0x0a,0x0c,0xff,0x0a,0x0a,0x0c,0xff,
0x0a,0x0a,0x0c,0xff,0x0a,0x0a,0x0c,0xff,0x0a,0x0a,0x0c,0xff,0x0a,0x0a,0x0c,0xff,0x0a,0x0a,0x0c,0xff,0x0a,0x0a,0x0c,0xff,
0x0a,0x0a,0x0c,0xff,0x0a,0x0a,0x0c,0xff,0x0a,0x0a,0x0c,0xff,0x0a,0x0a,0x0c,0xff,0x0a,0x0a,0x0c,0xff,0x0a,0x0a,0x0c,0xff,
0x0a,0x0a,0x0c,0xff,0x0a,0x0a,0x0c,0xff,0x0a,0x0a,0x0c,0xff,0x0a,0x0a,0x0c,0xff,0x0a,0x0a,0x0c,0xff,0x0a,0x0a,0x0c,0xff,
0x0a,0x0a,0x0c,0xff,0x0a,0x0a,0x0c,0xff,0x0a,0x0a,0x0c,0xff,0x0a,0x0a,0x0c,0xff,0x0a,0x0a,0x0c,0xff,0x0a,0x0a,0x0c,0xff,
0x0a,0x0a,0x0c,0xff,0x0a,0x0a,0x0c,0xff,0x0a,0x0a,0x0c,0xff,0x0a,0x0a,0x0c,0xff,0x0a,0x0a,0x0c,0xff,0x0a,0x0a,0x0c,0xff,
0x0a,0x0a,0x0c,0xff,0x0a,0x0a,0x0c,0xff,0x0a,0x0a,0x0c,0xff,0x0a,0x0a,0x0c,0xff,0x0a,0x0a,0x0c,0xff,0x0a,0x0a,0x0c,0xff,
0x0a,0x0a,0x0c,0xff,0x0a,0x0a,0x0c,0xff,0x0a,0x0a,0x0c,0xff,0x0a,0x0a,0x0c,0xff,0x0a,0x0a,0x0c,0xff,0x0a,0x0a,0x0c,0xff,
0x0a,0x0a,0x0c,0xff,0x0a,0x0a,0x0c,0xff,0x0a,0x0a,0x0c,0xff,0x0a,0x0a,0x0c,0xff,0x0a,0x0a,0x0c,0xff,0x0a,0x0a,0x0c,0xff,
0x0a,0x0a,0x0c,0xff,0x0a,0x0a,0x0c,0xff,0x0a,0x0a,0x0c,0xff,0x0a,0x0a,0x0c,0xff,0x0a,0x0a,0x0c,0xff,0x1a,0x1a,0x1e,0xff,
0x1a,0x1a,0x1d,0xff,0x0a,0x0a,0x0c,0xff,0x0a,0x0a,0x0c,0xff,0x0a,0x0a,0x0c,0xff,0x0a,0x0a,0x0c,0xff,0x0a,0x0a,0x0c,0xff,
0x0a,0x0a,0x0c,0xff,0x0a,0x0a,0x0c,0xff,0x0a,0x0a,0x0c,0xff,0x0a,0x0a,0x0c,0xff,0x0a,0x0a,0x0c,0xff,0x17,0x17,0x1a,0xff,
0x4e,0x4e,0x56,0xff,0x62,0x62,0x6b,0xff,0x64,0x64,0x6d,0xff,0x64,0x64,0x6d,0xff,0x64,0x64,0x6d,0xff,0x64,0x64,0x6d,0xff,
0x64,0x64,0x6d,0xff,0x64,0x64,0x6d,0xff,0x64,0x64,0x6d,0xff,0x64,0x64,0x6d,0xff,0x64,0x64,0x6d,0xff,0x64,0x64,0x6d,0xff,
0x64,0x64,0x6d,0xff,0x64,0x64,0x6d,0xff,0x64,0x64,0x6d,0xff,0x64,0x64,0x6d,0xff,0x64,0x64,0x6d,0xff,0x64,0x64,0x6d,0xff,
0x64,0x64,0x6d,0xff,0x64,0x64,0x6d,0xff,0x64,0x64,0x6d,0xff,0x64,0x64,0x6d,0xff,0x64,0x64,0x6d,0xff,0x64,0x64,0x6d,0xff,
0x64,0x64,0x6d,0xff,0x64,0x64,0x6d,0xff,0x64,0x64,0x6d,0xff,0x64,0x64,0x6d,0xff,0x64,0x64,0x6d,0xff,0x64,0x64,0x6d,0xff,
0x64,0x64,0x6d,0xff,0x64,0x64,0x6d,0xff,0x64,0x64,0x6d,0xff,0x64,0x64,0x6d,0xff,0x64,0x64,0x6d,0xff,0x64,0x64,0x6d,0xff,
0x64,0x64,0x6d,0xff,0x64,0x64,0x6d,0xff,0x62,0x62,0x6b,0xff,0x4e,0x4e,0x56,0xff,0x17,0x17,0x1a,0xff,0x0a,0x0a,0x0c,0xff,
0x0a,0x0a,0x0c,0xff,0x0a,0x0a,0x0c,0xff,0x0a,0x0a,0x0c,0xff,0x0a,0x0a,0x0c,0xff,0x0a,0x0a,0x0c,0xff,0x0a,0x0a,0x0c,0xff,
0x0a,0x0a,0x0c,0xff,0x0a,0x0a,0x0c,0xff,0x0a,0x0a,0x0c,0xff,0x1a,0x1a,0x1e,0xff,0x1a,0x1a,0x1d,0xff,0x0a,0x0a,0x0c,0xff,
0x0a,0x0a,0x0c,0xff,0x0a,0x0a,0x0c,0xff,0x0a,0x0a,0x0c,0xff,0x0a,0x0a,0x0c,0xff,0x0a,0x0a,0x0c,0xff,0x0a,0x0a,0x0c,0xff,
0x0a,0x0a,0x0c,0xff,0x0a,0x0a,0x0c,0xff,0x0a,0x0a,0x0c,0xff,0x51,0x51,0x59,0xff,0x48,0x48,0x50,0xff,0x44,0x44,0x4c,0xff,
0x44,0x44,0x4c,0xff,0x44,0x44,0x4c,0xff,0x44,0x44,0x4c,0xff,0x44,0x44,0x4c,0xff,0x44,0x44,0x4c,0xff,0x44,0x44,0x4c,0xff,
0x44,0x44,0x4c,0xff,0x44,0x44,0x4c,0xff,0x44,0x44,0x4c,0xff,0x44,0x44,0x4c,0xff,0x44,0x44,0x4c,0xff,0x44,0x44,0x4c,0xff,
0x44,0x44,0x4c,0xff,0x44,0x44,0x4c,0xff,0x44,0x44,0x4c,0xff,0x44,0x44,0x4c,0xff,0x44,0x44,0x4c,0xff,0x44,0x44,0x4c,0xff,
0x44,0x44,0x4c,0xff,0x44,0x44,0x4c,0xff,0x44,0x44,0x4c,0xff,0x44,0x44,0x4c,0xff,0x44,0x44,0x4c,0xff,0x44,0x44,0x4c,0xff,
0x44,0x44,0x4c,0xff,0x44,0x44,0x4c,0xff,0x44,0x44,0x4c,0xff,0x44,0x44,0x4c,0xff,0x44,0x44,0x4c,0xff,0x44,0x44,0x4c,0xff,
0x44,0x44,0x4c,0xff,0x44,0x44,0x4c,0xff,0x44,0x44,0x4c,0xff,0x44,0x44,0x4c,0xff,0x44,0x44,0x4c,0xff,0x44,0x44,0x4c,0xff,
0x44,0x44,0x4c,0xff,0x48,0x48,0x50,0xff,0x51,0x51,0x59,0xff,0x0a,0x0a,0x0c,0xff,0x0a,0x0a,0x0c,0xff,0x0a,0x0a,0x0c,0xff,
0x0a,0x0a,0x0c,0xff,0x0a,0x0a,0x0c,0xff,0x0a,0x0a,0x0c,0xff,0x0a,0x0a,0x0c,0xff,0x0a,0x0a,0x0c,0xff,0x0a,0x0a,0x0c,0xff,
0x0a,0x0a,0x0c,0xff,0x1a,0x1a,0x1e,0xff,0x1a,0x1a,0x1d,0xff,0x0a,0x0a,0x0c,0xff,0x0a,0x0a,0x0c,0xff,0x0a,0x0a,0x0c,0xff,
0x0a,0x0a,0x0c,0xff,0x0a,0x0a,0x0c,0xff,0x0a,0x0a,0x0c,0xff,0x0a,0x0a,0x0c,0xff,0x0c,0x0c,0x0e,0xff,0x1a,0x1a,0x1e,0xff,
0x1d,0x1d,0x22,0xff,0x4a,0x4a,0x53,0xff,0x44,0x44,0x4c,0xff,0x44,0x44,0x4c,0xff,0x44,0x44,0x4c,0xff,0x44,0x44,0x4c,0xff,
0x44,0x44,0x4c,0xff,0x44,0x44,0x4c,0xff,0x44,0x44,0x4c,0xff,0x44,0x44,0x4c,0xff,0x44,0x44,0x4c,0xff,0x44,0x44,0x4c,0xff,
0x44,0x44,0x4c,0xff,0x44,0x44,0x4c,0xff,0x44,0x44,0x4c,0xff,0x44,0x44,0x4c,0xff,0x44,0x44,0x4c,0xff,0x44,0x44,0x4c,0xff,
0x44,0x44,0x4c,0xff,0x44,0x44,0x4c,0xff,0x44,0x44,0x4c,0xff,0x44,0x44,0x4c,0xff,0x44,0x44,0x4c,0xff,0x44,0x44,0x4c,0xff,
0x44,0x44,0x4c,0xff,0x44,0x44,0x4c,0xff,0x44,0x44,0x4c,0xff,0x44,0x44,0x4c,0xff,0x44,0x44,0x4c,0xff,0x44,0x44,0x4c,0xff,
0x44,0x44,0x4c,0xff,0x44,0x44,0x4c,0xff,0x44,0x44,0x4c,0xff,0x44,0x44,0x4c,0xff,0x44,0x44,0x4c,0xff,0x44,0x44,0x4c,0xff,
0x44,0x44,0x4c,0xff,0x44,0x44,0x4c,0xff,0x44,0x44,0x4c,0xff,0x44,0x44,0x4c,0xff,0x44,0x44,0x4c,0xff,0x44,0x44,0x4c,0xff,
0x4a,0x4a,0x53,0xff,0x1e,0x1e,0x23,0xff,0x1a,0x1a,0x1e,0xff,0x0c,0x0c,0x0f,0xff,0x0a,0x0a,0x0c,0xff,0x0a,0x0a,0x0c,0xff,
0x0a,0x0a,0x0c,0xff,0x0a,0x0a,0x0c,0xff,0x0a,0x0a,0x0c,0xff,0x0a,0x0a,0x0c,0xff,0x0a,0x0a,0x0c,0xff,0x1a,0x1a,0x1e,0xff,
0x1a,0x1a,0x1d,0xff,0x0a,0x0a,0x0c,0xff,0x0a,0x0a,0x0c,0xff,0x0a,0x0a,0x0c,0xff,0x0a,0x0a,0x0c,0xff,0x0a,0x0a,0x0c,0xff,
0x0a,0x0a,0x0c,0xff,0x0a,0x0a,0x0c,0xff,0x18,0x18,0x1c,0xff,0x2e,0x2e,0x35,0xff,0x2f,0x2f,0x36,0xff,0x45,0x45,0x4d,0xff,
0x44,0x44,0x4c,0xff,0x44,0x44,0x4c,0xff,0x44,0x44,0x4c,0xff,0x44,0x44,0x4c,0xff,0x44,0x44,0x4c,0xff,0x44,0x44,0x4c,0xff,
0x44,0x44,0x4c,0xff,0x44,0x44,0x4c,0xff,0x44,0x44,0x4c,0xff,0x44,0x44,0x4c,0xff,0x44,0x44,0x4c,0xff,0x44,0x44,0x4c,0xff,
0x44,0x44,0x4c,0xff,0x44,0x44,0x4c,0xff,0x44,0x44,0x4c,0xff,0x44,0x44,0x4c,0xff,0x44,0x44,0x4c,0xff,0x44,0x44,0x4c,0xff,
0x44,0x44,0x4c,0xff,0x44,0x44,0x4c,0xff,0x44,0x44,0x4c,0xff,0x44,0x44,0x4c,0xff,0x44,0x44,0x4c,0xff,0x44,0x44,0x4c,0xff,
0x44,0x44,0x4c,0xff,0x44,0x44,0x4c,0xff,0x44,0x44,0x4c,0xff,0x44,0x44,0x4c,0xff,0x44,0x44,0x4c,0xff,0x44,0x44,0x4c,0xff,
0x44,0x44,0x4c,0xff,0x44,0x44,0x4c,0xff,0x44,0x44,0x4c,0xff,0x44,0x44,0x4c,0xff,0x44,0x44,0x4c,0xff,0x44,0x44,0x4c,0xff,
0x44,0x44,0x4c,0xff,0x44,0x44,0x4c,0xff,0x44,0x44,0x4c,0xff,0x44,0x44,0x4c,0xff,0x45,0x45,0x4d,0xff,0x2f,0x2f,0x36,0xff,
0x2e,0x2e,0x35,0xff,0x18,0x18,0x1c,0xff,0x0a,0x0a,0x0c,0xff,0x0a,0x0a,0x0c,0xff,0x0a,0x0a,0x0c,0xff,0x0a,0x0a,0x0c,0xff,
0x0a,0x0a,0x0c,0xff,0x0a,0x0a,0x0c,0xff,0x0a,0x0a,0x0c,0xff,0x1a,0x1a,0x1e,0xff,0x1a,0x1a,0x1d,0xff,0x0a,0x0a,0x0c,0xff,
0x0a,0x0a,0x0c,0xff,0x0a,0x0a,0x0c,0xff,0x0a,0x0a,0x0c,0xff,0x0a,0x0a,0x0c,0xff,0x0a,0x0a,0x0c,0xff,0x0a,0x0a,0x0c,0xff,
0x1c,0x1c,0x21,0xff,0x2e,0x2e,0x35,0xff,0x2e,0x2e,0x35,0xff,0x44,0x44,0x4c,0xff,0x44,0x44,0x4c,0xff,0x44,0x44,0x4c,0xff,
0x4b,0x99,0x81,0xff,0x4f,0xcf,0xa4,0xff,0x4f,0xd1,0xa5,0xff,0x4f,0xd1,0xa5,0xff,0x4f,0xd1,0xa5,0xff,0x4f,0xd1,0xa5,0xff,
0x4f,0xd1,0xa5,0xff,0x4f,0xd1,0xa5,0xff,0x4f,0xd1,0xa5,0xff,0x4f,0xd1,0xa5,0xff,0x4f,0xd1,0xa5,0xff,0x4f,0xd1,0xa5,0xff,
0x4f,0xd1,0xa5,0xff,0x4f,0xd1,0xa5,0xff,0x4f,0xd1,0xa5,0xff,0x4e,0xc5,0x9e,0xff,0x47,0x61,0x5f,0xff,0x44,0x44,0x4c,0xff,
0x44,0x44,0x4c,0xff,0x44,0x44,0x4c,0xff,0x44,0x44,0x4c,0xff,0x44,0x44,0x4c,0xff,0x44,0x44,0x4c,0xff,0x44,0x44,0x4c,0xff,
0x48,0x48,0x51,0xff,0x48,0x48,0x51,0xff,0x44,0x44,0x4c,0xff,0x44,0x44,0x4c,0xff,0x44,0x44,0x4c,0xff,0x44,0x44,0x4c,0xff,
0x44,0x44,0x4c,0xff,0x44,0x44,0x4c,0xff,0x46,0x46,0x4e,0xff,0x4b,0x4b,0x53,0xff,0x46,0x46,0x4e,0xff,0x44,0x44,0x4c,0xff,
0x44,0x44,0x4c,0xff,0x44,0x44,0x4c,0xff,0x44,0x44,0x4c,0xff,0x2e,0x2e,0x35,0xff,0x2e,0x2e,0x35,0xff,0x1c,0x1c,0x21,0xff,
0x0a,0x0a,0x0c,0xff,0x0a,0x0a,0x0c,0xff,0x0a,0x0a,0x0c,0xff,0x0a,0x0a,0x0c,0xff,0x0a,0x0a,0x0c,0xff,0x0a,0x0a,0x0c,0xff,
0x0a,0x0a,0x0c,0xff,0x1a,0x1a,0x1e,0xff,0x1a,0x1a,0x1d,0xff,0x0a,0x0a,0x0c,0xff,0x0a,0x0a,0x0c,0xff,0x0a,0x0a,0x0c,0xff,
0x0a,0x0a,0x0c,0xff,0x0a,0x0a,0x0c,0xff,0x0a,0x0a,0x0c,0xff,0x0a,0x0a,0x0c,0xff,0x1c,0x1c,0x21,0xff,0x2e,0x2e,0x35,0xff,
0x2e,0x2e,0x35,0xff,0x44,0x44,0x4c,0xff,0x44,0x44,0x4c,0xff,0x44,0x44,0x4c,0xff,0x4f,0xc8,0xa0,0xff,0x4f,0xd1,0xa5,0xff,
0x4f,0xd1,0xa5,0xff,0x4f,0xd1,0xa5,0xff,0x4f,0xd1,0xa5,0xff,0x4f,0xd1,0xa5,0xff,0x4f,0xd1,0xa5,0xff,0x4f,0xd1,0xa5,0xff,
0x4f,0xd1,0xa5,0xff,0x4f,0xd1,0xa5,0xff,0x4f,0xd1,0xa5,0xff,0x4f,0xd1,0xa5,0xff,0x4f,0xd1,0xa5,0xff,0x4f,0xd1,0xa5,0xff,
0x4f,0xd1,0xa5,0xff,0x4f,0xd1,0xa5,0xff,0x4a,0x8b,0x79,0xff,0x44,0x44,0x4c,0xff,0x44,0x44,0x4c,0xff,0x44,0x44,0x4c,0xff,
0x44,0x44,0x4c,0xff,0x44,0x44,0x4c,0xff,0x4a,0x4a,0x52,0xff,0x4c,0x4c,0x53,0xff,0x43,0x43,0x4a,0xff,0x43,0x43,0x4a,0xff,
0x4b,0x4b,0x53,0xff,0x4a,0x4a,0x52,0xff,0x44,0x44,0x4c,0xff,0x44,0x44,0x4c,0xff,0x45,0x45,0x4d,0xff,0x4d,0x4d,0x56,0xff,
0x4a,0x4a,0x53,0xff,0x73,0x73,0x76,0xff,0x4a,0x4a,0x53,0xff,0x4d,0x4d,0x55,0xff,0x45,0x45,0x4d,0xff,0x44,0x44,0x4c,0xff,
0x44,0x44,0x4c,0xff,0x2e,0x2e,0x35,0xff,0x2e,0x2e,0x35,0xff,0x1c,0x1c,0x21,0xff,0x0a,0x0a,0x0c,0xff,0x0a,0x0a,0x0c,0xff,
0x0a,0x0a,0x0c,0xff,0x0a,0x0a,0x0c,0xff,0x0a,0x0a,0x0c,0xff,0x0a,0x0a,0x0c,0xff,0x0a,0x0a,0x0c,0xff,0x1a,0x1a,0x1e,0xff,
0x1a,0x1a,0x1d,0xff,0x0a,0x0a,0x0c,0xff,0x0a,0x0a,0x0c,0xff,0x0a,0x0a,0x0c,0xff,0x0a,0x0a,0x0c,0xff,0x0a,0x0a,0x0c,0xff,
0x0a,0x0a,0x0c,0xff,0x0a,0x0a,0x0c,0xff,0x1c,0x1c,0x21,0xff,0x2e,0x2e,0x35,0xff,0x2e,0x2e,0x35,0xff,0x44,0x44,0x4c,0xff,
0x44,0x44,0x4c,0xff,0x44,0x44,0x4c,0xff,0x4f,0xd1,0xa5,0xff,0x4b,0xc6,0x9c,0xff,0x34,0x83,0x69,0xff,0x33,0x81,0x68,0xff,
0x33,0x81,0x68,0xff,0x33,0x81,0x68,0xff,0x33,0x81,0x68,0xff,0x33,0x81,0x68,0xff,0x33,0x81,0x68,0xff,0x33,0x81,0x68,0xff,
0x33,0x81,0x68,0xff,0x3e,0xa0,0x80,0xff,0x4f,0xd1,0xa5,0xff,0x4f,0xd1,0xa5,0xff,0x4f,0xd1,0xa5,0xff,0x4f,0xd1,0xa5,0xff,
0x4a,0x8b,0x79,0xff,0x44,0x44,0x4c,0xff,0x44,0x44,0x4c,0xff,0x44,0x44,0x4c,0xff,0x44,0x44,0x4c,0xff,0x4a,0x4a,0x52,0xff,
0x46,0x46,0x4d,0xff,0x21,0x21,0x27,0xff,0x1c,0x1c,0x21,0xff,0x1c,0x1c,0x21,0xff,0x21,0x21,0x27,0xff,0x45,0x45,0x4e,0xff,
0x4a,0x4a,0x52,0xff,0x44,0x44,0x4c,0xff,0x4e,0x4e,0x57,0xff,0x30,0x30,0x36,0xff,0x1c,0x1c,0x21,0xff,0xbc,0xba,0xb6,0xff,
0x1c,0x1c,0x21,0xff,0x30,0x30,0x36,0xff,0x4e,0x4e,0x56,0xff,0x44,0x44,0x4c,0xff,0x44,0x44,0x4c,0xff,0x2e,0x2e,0x35,0xff,
0x2e,0x2e,0x35,0xff,0x1c,0x1c,0x21,0xff,0x0a,0x0a,0x0c,0xff,0x0a,0x0a,0x0c,0xff,0x0a,0x0a,0x0c,0xff,0x0a,0x0a,0x0c,0xff,
0x0a,0x0a,0x0c,0xff,0x0a,0x0a,0x0c,0xff,0x0a,0x0a,0x0c,0xff,0x1a,0x1a,0x1e,0xff,0x1a,0x1a,0x1d,0xff,0x0a,0x0a,0x0c,0xff,
0x0a,0x0a,0x0c,0xff,0x0a,0x0a,0x0c,0xff,0x0a,0x0a,0x0c,0xff,0x0a,0x0a,0x0c,0xff,0x0a,0x0a,0x0c,0xff,0x0a,0x0a,0x0c,0xff,
0x1c,0x1c,0x21,0xff,0x2a,0x2a,0x30,0xff,0x2d,0x2d,0x34,0xff,0x44,0x44,0x4c,0xff,0x44,0x44,0x4c,0xff,0x44,0x44,0x4c,0xff,
0x4f,0xd1,0xa5,0xff,0x50,0xd1,0xa5,0xff,0x49,0xbf,0x98,0xff,0x48,0xbd,0x96,0xff,0x48,0xbd,0x96,0xff,0x48,0xbd,0x96,0xff,
0x48,0xbd,0x96,0xff,0x48,0xbd,0x96,0xff,0x48,0xbd,0x96,0xff,0x48,0xbd,0x96,0xff,0x48,0xbd,0x96,0xff,0x4d,0xc9,0x9f,0xff,
0x4f,0xd1,0xa5,0xff,0x4f,0xd1,0xa5,0xff,0x4f,0xd1,0xa5,0xff,0x4f,0xd1,0xa5,0xff,0x4a,0x8b,0x79,0xff,0x44,0x44,0x4c,0xff,
0x44,0x44,0x4c,0xff,0x44,0x44,0x4c,0xff,0x44,0x44,0x4c,0xff,0x48,0x48,0x51,0xff,0x2b,0x2b,0x31,0xff,0x1c,0x1c,0x21,0xff,
0x1c,0x1c,0x21,0xff,0x1e,0x1e,0x23,0xff,0x47,0x47,0x49,0xff,0x6b,0x6a,0x6c,0xff,0x48,0x48,0x50,0xff,0x47,0x47,0x4f,0xff,
0x44,0x44,0x4b,0xff,0x1c,0x1c,0x21,0xff,0x1c,0x1c,0x21,0xff,0xbc,0xba,0xb6,0xff,0x1c,0x1c,0x21,0xff,0x1c,0x1c,0x21,0xff,
0x43,0x43,0x4a,0xff,0x47,0x47,0x4f,0xff,0x44,0x44,0x4c,0xff,0x2d,0x2d,0x34,0xff,0x2a,0x2a,0x30,0xff,0x1c,0x1c,0x21,0xff,
0x0a,0x0a,0x0c,0xff,0x0a,0x0a,0x0c,0xff,0x0a,0x0a,0x0c,0xff,0x0a,0x0a,0x0c,0xff,0x0a,0x0a,0x0c,0xff,0x0a,0x0a,0x0c,0xff,
0x0a,0x0a,0x0c,0xff,0x1a,0x1a,0x1e,0xff,0x1a,0x1a,0x1d,0xff,0x0a,0x0a,0x0c,0xff,0x0a,0x0a,0x0c,0xff,0x0a,0x0a,0x0c,0xff,
0x0a,0x0a,0x0c,0xff,0x0a,0x0a,0x0c,0xff,0x0a,0x0a,0x0c,0xff,0x0a,0x0a,0x0c,0xff,0x1c,0x1c,0x21,0xff,0x0c,0x0c,0x0e,0xff,
0x1d,0x1d,0x22,0xff,0x44,0x44,0x4c,0xff,0x44,0x44,0x4c,0xff,0x44,0x44,0x4c,0xff,0x4f,0xd1,0xa5,0xff,0x4d,0xc9,0x9f,0xff,
0x3b,0x97,0x79,0xff,0x3a,0x95,0x77,0xff,0x3a,0x95,0x77,0xff,0x3a,0x95,0x77,0xff,0x3a,0x95,0x77,0xff,0x3b,0x97,0x79,0xff,
0x4d,0xc9,0x9f,0xff,0x4f,0xd1,0xa5,0xff,0x4f,0xd1,0xa5,0xff,0x4f,0xd1,0xa5,0xff,0x4f,0xd1,0xa5,0xff,0x4f,0xd1,0xa5,0xff,
0x4f,0xd1,0xa5,0xff,0x4f,0xd1,0xa5,0xff,0x4a,0x8b,0x79,0xff,0x44,0x44,0x4c,0xff,0x44,0x44,0x4c,0xff,0x44,0x44,0x4c,0xff,
0x44,0x44,0x4c,0xff,0x49,0x49,0x52,0xff,0x1e,0x1e,0x23,0xff,0x1c,0x1c,0x21,0xff,0x4c,0x4b,0x4d,0xff,0xba,0xb8,0xb5,0xff,
0x91,0x90,0x8e,0xff,0x5a,0x59,0x5b,0xff,0x49,0x49,0x52,0xff,0x4e,0x4e,0x55,0xff,0x31,0x31,0x38,0xff,0x1c,0x1c,0x21,0xff,
0x1c,0x1c,0x21,0xff,0xbc,0xba,0xb6,0xff,0x1c,0x1c,0x21,0xff,0x1c,0x1c,0x21,0xff,0x31,0x31,0x38,0xff,0x4e,0x4e,0x55,0xff,
0x44,0x44,0x4c,0xff,0x1d,0x1d,0x22,0xff,0x0c,0x0c,0x0e,0xff,0x1c,0x1c,0x21,0xff,0x0a,0x0a,0x0c,0xff,0x0a,0x0a,0x0c,0xff,
0x0a,0x0a,0x0c,0xff,0x0a,0x0a,0x0c,0xff,0x0a,0x0a,0x0c,0xff,0x0a,0x0a,0x0c,0xff,0x0a,0x0a,0x0c,0xff,0x1a,0x1a,0x1e,0xff,
0x1a,0x1a,0x1d,0xff,0x0a,0x0a,0x0c,0xff,0x0a,0x0a,0x0c,0xff,0x0a,0x0a,0x0c,0xff,0x0a,0x0a,0x0c,0xff,0x0a,0x0a,0x0c,0xff,
0x0a,0x0a,0x0c,0xff,0x0a,0x0a,0x0c,0xff,0x1c,0x1c,0x21,0xff,0x22,0x22,0x27,0xff,0x2a,0x2a,0x30,0xff,0x44,0x44,0x4c,0xff,
0x44,0x44,0x4c,0xff,0x44,0x44,0x4c,0xff,0x4f,0xd1,0xa5,0xff,0x4f,0xcf,0xa3,0xff,0x48,0xbd,0x96,0xff,0x48,0xbd,0x96,0xff,
0x48,0xbd,0x96,0xff,0x48,0xbd,0x96,0xff,0x48,0xbd,0x96,0xff,0x48,0xbd,0x96,0xff,0x4f,0xcf,0xa3,0xff,0x4f,0xd1,0xa5,0xff,
0x4f,0xd1,0xa5,0xff,0x4f,0xd1,0xa5,0xff,0x4f,0xd1,0xa5,0xff,0x4f,0xd1,0xa5,0xff,0x4f,0xd1,0xa5,0xff,0x4f,0xd1,0xa5,0xff,
0x4a,0x8b,0x79,0xff,0x44,0x44,0x4c,0xff,0x44,0x44,0x4c,0xff,0x44,0x44,0x4c,0xff,0x44,0x44,0x4c,0xff,0x48,0x48,0x51,0xff,
0x28,0x28,0x2d,0xff,0x1c,0x1c,0x21,0xff,0x2b,0x2b,0x30,0xff,0x1c,0x1c,0x21,0xff,0x1c,0x1c,0x21,0xff,0x28,0x28,0x2d,0xff,
0x48,0x48,0x51,0xff,0x48,0x48,0x51,0xff,0x3e,0x3e,0x46,0xff,0x1c,0x1c,0x21,0xff,0x1c,0x1c,0x21,0xff,0x1f,0x1f,0x24,0xff,
0x1c,0x1c,0x21,0xff,0x1c,0x1c,0x21,0xff,0x3e,0x3e,0x46,0xff,0x48,0x48,0x51,0xff,0x44,0x44,0x4c,0xff,0x2a,0x2a,0x30,0xff,
0x22,0x22,0x27,0xff,0x1c,0x1c,0x21,0xff,0x0a,0x0a,0x0c,0xff,0x0a,0x0a,0x0c,0xff,0x0a,0x0a,0x0c,0xff,0x0a,0x0a,0x0c,0xff,
0x0a,0x0a,0x0c,0xff,0x0a,0x0a,0x0c,0xff,0x0a,0x0a,0x0c,0xff,0x1a,0x1a,0x1e,0xff,0x1a,0x1a,0x1d,0xff,0x0a,0x0a,0x0c,0xff,
0x0a,0x0a,0x0c,0xff,0x0a,0x0a,0x0c,0xff,0x0a,0x0a,0x0c,0xff,0x0a,0x0a,0x0c,0xff,0x0a,0x0a,0x0c,0xff,0x0a,0x0a,0x0c,0xff,
0x1c,0x1c,0x21,0xff,0x2e,0x2e,0x35,0xff,0x2e,0x2e,0x35,0xff,0x44,0x44,0x4c,0xff,0x44,0x44,0x4c,0xff,0x44,0x44,0x4c,0xff,
0x4b,0x9c,0x83,0xff,0x4f,0xcf,0xa4,0xff,0x4f,0xd1,0xa5,0xff,0x4f,0xd1,0xa5,0xff,0x4f,0xd1,0xa5,0xff,0x4f,0xd1,0xa5,0xff,
0x4f,0xd1,0xa5,0xff,0x4f,0xd1,0xa5,0xff,0x4f,0xd1,0xa5,0xff,0x4f,0xd1,0xa5,0xff,0x4f,0xd1,0xa5,0xff,0x4f,0xd1,0xa5,0xff,
0x4f,0xd1,0xa5,0xff,0x4f,0xd1,0xa5,0xff,0x4f,0xd1,0xa5,0xff,0x4e,0xc5,0x9e,0xff,0x47,0x65,0x61,0xff,0x44,0x44,0x4c,0xff,
0x44,0x44,0x4c,0xff,0x44,0x44,0x4c,0xff,0x44,0x44,0x4c,0xff,0x47,0x47,0x4f,0xff,0x38,0x38,0x41,0xff,0x1c,0x1c,0x21,0xff,
0x1c,0x1c,0x21,0xff,0x1c,0x1c,0x21,0xff,0x1c,0x1c,0x21,0xff,0x38,0x38,0x40,0xff,0x46,0x46,0x4e,0xff,0x44,0x44,0x4c,0xff,
0x48,0x48,0x50,0xff,0x23,0x23,0x29,0xff,0x1c,0x1c,0x21,0xff,0x1c,0x1c,0x21,0xff,0x1c,0x1c,0x21,0xff,0x23,0x23,0x29,0xff,
0x48,0x48,0x4f,0xff,0x44,0x44,0x4c,0xff,0x44,0x44,0x4c,0xff,0x2e,0x2e,0x35,0xff,0x2e,0x2e,0x35,0xff,0x1c,0x1c,0x21,0xff,
0x0a,0x0a,0x0c,0xff,0x0a,0x0a,0x0c,0xff,0x0a,0x0a,0x0c,0xff,0x0a,0x0a,0x0c,0xff,0x0a,0x0a,0x0c,0xff,0x0a,0x0a,0x0c,0xff,
0x0a,0x0a,0x0c,0xff,0x1a,0x1a,0x1e,0xff,0x1a,0x1a,0x1d,0xff,0x0a,0x0a,0x0c,0xff,0x0a,0x0a,0x0c,0xff,0x0a,0x0a,0x0c,0xff,
0x0a,0x0a,0x0c,0xff,0x0a,0x0a,0x0c,0xff,0x0a,0x0a,0x0c,0xff,0x0a,0x0a,0x0c,0xff,0x1c,0x1c,0x21,0xff,0x2e,0x2e,0x35,0xff,
0x2e,0x2e,0x35,0xff,0x44,0x44,0x4c,0xff,0x44,0x44,0x4c,0xff,0x44,0x44,0x4c,0xff,0x44,0x44,0x4c,0xff,0x44,0x44,0x4c,0xff,
0x44,0x44,0x4c,0xff,0x44,0x44,0x4c,0xff,0x44,0x44,0x4c,0xff,0x44,0x44,0x4c,0xff,0x44,0x44,0x4c,0xff,0x44,0x44,0x4c,0xff,
0x44,0x44,0x4c,0xff,0x44,0x44,0x4c,0xff,0x44,0x44,0x4c,0xff,0x44,0x44,0x4c,0xff,0x44,0x44,0x4c,0xff,0x44,0x44,0x4c,0xff,
0x44,0x44,0x4c,0xff,0x44,0x44,0x4c,0xff,0x44,0x44,0x4c,0xff,0x44,0x44,0x4c,0xff,0x44,0x44,0x4c,0xff,0x44,0x44,0x4c,0xff,
0x44,0x44,0x4c,0xff,0x45,0x45,0x4d,0xff,0x46,0x46,0x4d,0xff,0x40,0x40,0x47,0xff,0x31,0x31,0x38,0xff,0x31,0x31,0x38,0xff,
0x40,0x40,0x47,0xff,0x46,0x46,0x4d,0xff,0x45,0x45,0x4d,0xff,0x44,0x44,0x4c,0xff,0x46,0x46,0x4c,0xff,0x49,0x49,0x50,0xff,
0x38,0x38,0x3f,0xff,0x2a,0x2a,0x30,0xff,0x38,0x38,0x3f,0xff,0x48,0x48,0x50,0xff,0x45,0x45,0x4c,0xff,0x44,0x44,0x4c,0xff,
0x44,0x44,0x4c,0xff,0x2e,0x2e,0x35,0xff,0x2e,0x2e,0x35,0xff,0x1c,0x1c,0x21,0xff,0x0a,0x0a,0x0c,0xff,0x0a,0x0a,0x0c,0xff,
0x0a,0x0a,0x0c,0xff,0x0a,0x0a,0x0c,0xff,0x0a,0x0a,0x0c,0xff,0x0a,0x0a,0x0c,0xff,0x0a,0x0a,0x0c,0xff,0x1a,0x1a,0x1e,0xff,
0x1a,0x1a,0x1d,0xff,0x0a,0x0a,0x0c,0xff,0x0a,0x0a,0x0c,0xff,0x0a,0x0a,0x0c,0xff,0x0a,0x0a,0x0c,0xff,0x0a,0x0a,0x0c,0xff,
0x0a,0x0a,0x0c,0xff,0x0a,0x0a,0x0c,0xff,0x1c,0x1c,0x21,0xff,0x2e,0x2e,0x35,0xff,0x2e,0x2e,0x35,0xff,0x44,0x44,0x4c,0xff,
0x44,0x44,0x4c,0xff,0x44,0x44,0x4c,0xff,0x42,0x42,0x4a,0xff,0x3e,0x3e,0x45,0xff,0x3e,0x3e,0x45,0xff,0x43,0x43,0x4b,0xff,
0x44,0x44,0x4c,0xff,0x40,0x40,0x48,0xff,0x3e,0x3e,0x45,0xff,0x3f,0x3f,0x46,0xff,0x44,0x44,0x4c,0xff,0x44,0x44,0x4c,0xff,
0x3f,0x3f,0x46,0xff,0x3e,0x3e,0x45,0xff,0x40,0x40,0x48,0xff,0x44,0x44,0x4c,0xff,0x44,0x44,0x4c,0xff,0x44,0x44,0x4c,0xff,
0x44,0x44,0x4c,0xff,0x44,0x44,0x4c,0xff,0x44,0x44,0x4c,0xff,0x44,0x44,0x4c,0xff,0x44,0x44,0x4c,0xff,0x44,0x44,0x4c,0xff,
0x44,0x44,0x4c,0xff,0x46,0x46,0x4e,0xff,0x48,0x48,0x50,0xff,0x48,0x48,0x50,0xff,0x46,0x46,0x4e,0xff,0x44,0x44,0x4c,0xff,
0x44,0x44,0x4c,0xff,0x44,0x44,0x4c,0xff,0x44,0x44,0x4c,0xff,0x44,0x44,0x4c,0xff,0x48,0x48,0x4f,0xff,0x4a,0x4a,0x51,0xff,
0x48,0x48,0x4f,0xff,0x44,0x44,0x4c,0xff,0x44,0x44,0x4c,0xff,0x44,0x44,0x4c,0xff,0x44,0x44,0x4c,0xff,0x2e,0x2e,0x35,0xff,
0x2e,0x2e,0x35,0xff,0x1c,0x1c,0x21,0xff,0x0a,0x0a,0x0c,0xff,0x0a,0x0a,0x0c,0xff,0x0a,0x0a,0x0c,0xff,0x0a,0x0a,0x0c,0xff,
0x0a,0x0a,0x0c,0xff,0x0a,0x0a,0x0c,0xff,0x0a,0x0a,0x0c,0xff,0x1a,0x1a,0x1e,0xff,0x1a,0x1a,0x1d,0xff,0x0a,0x0a,0x0c,0xff,
0x0a,0x0a,0x0c,0xff,0x0a,0x0a,0x0c,0xff,0x0a,0x0a,0x0c,0xff,0x0a,0x0a,0x0c,0xff,0x0a,0x0a,0x0c,0xff,0x0a,0x0a,0x0c,0xff,
0x1c,0x1c,0x21,0xff,0x2e,0x2e,0x35,0xff,0x2e,0x2e,0x35,0xff,0x44,0x44,0x4c,0xff,0x44,0x44,0x4c,0xff,0x44,0x44,0x4c,0xff,
0x2d,0x2d,0x33,0xff,0x2a,0x2a,0x30,0xff,0x2a,0x2a,0x30,0xff,0x33,0x33,0x3a,0xff,0x40,0x40,0x48,0xff,0x2a,0x2a,0x30,0xff,
0x2a,0x2a,0x30,0xff,0x2a,0x2a,0x30,0xff,0x3a,0x3a,0x41,0xff,0x3a,0x3a,0x41,0xff,0x2a,0x2a,0x30,0xff,0x2a,0x2a,0x30,0xff,
0x2a,0x2a,0x30,0xff,0x40,0x40,0x48,0xff,0x46,0x5b,0x5b,0xff,0x4a,0x8e,0x7b,0xff,0x44,0x44,0x4c,0xff,0x44,0x44,0x4c,0xff,
0x44,0x44,0x4c,0xff,0x44,0x44,0x4c,0xff,0x44,0x44,0x4c,0xff,0x44,0x44,0x4c,0xff,0x44,0x44,0x4c,0xff,0x44,0x44,0x4c,0xff,
0x44,0x44,0x4c,0xff,0x44,0x44,0x4c,0xff,0x44,0x44,0x4c,0xff,0x44,0x44,0x4c,0xff,0x44,0x44,0x4c,0xff,0x44,0x44,0x4c,0xff,
0x44,0x44,0x4c,0xff,0x44,0x44,0x4c,0xff,0x44,0x44,0x4c,0xff,0x44,0x44,0x4c,0xff,0x44,0x44,0x4c,0xff,0x44,0x44,0x4c,0xff,
0x44,0x44,0x4c,0xff,0x44,0x44,0x4c,0xff,0x44,0x44,0x4c,0xff,0x2e,0x2e,0x35,0xff,0x2e,0x2e,0x35,0xff,0x1c,0x1c,0x21,0xff,
0x0a,0x0a,0x0c,0xff,0x0a,0x0a,0x0c,0xff,0x0a,0x0a,0x0c,0xff,0x0a,0x0a,0x0c,0xff,0x0a,0x0a,0x0c,0xff,0x0a,0x0a,0x0c,0xff,
0x0a,0x0a,0x0c,0xff,0x1a,0x1a,0x1e,0xff,0x1a,0x1a,0x1d,0xff,0x0a,0x0a,0x0c,0xff,0x0a,0x0a,0x0c,0xff,0x0a,0x0a,0x0c,0xff,
0x0a,0x0a,0x0c,0xff,0x0a,0x0a,0x0c,0xff,0x0a,0x0a,0x0c,0xff,0x0a,0x0a,0x0c,0xff,0x0e,0x0e,0x11,0xff,0x23,0x23,0x28,0xff,
0x25,0x25,0x2b,0xff,0x44,0x44,0x4c,0xff,0x44,0x44,0x4c,0xff,0x44,0x44,0x4c,0xff,0x37,0x37,0x3e,0xff,0x31,0x31,0x37,0xff,
0x31,0x31,0x37,0xff,0x3b,0x3b,0x43,0xff,0x43,0x43,0x4b,0xff,0x33,0x33,0x3a,0xff,0x31,0x31,0x37,0xff,0x32,0x32,0x38,0xff,
0x40,0x40,0x47,0xff,0x40,0x40,0x47,0xff,0x32,0x32,0x38,0xff,0x31,0x31,0x37,0xff,0x33,0x33,0x3a,0xff,0x43,0x43,0x4b,0xff,
0x45,0x4e,0x52,0xff,0x48,0x6f,0x67,0xff,0x44,0x44,0x4c,0xff,0x44,0x44,0x4c,0xff,0x44,0x44,0x4c,0xff,0x44,0x44,0x4c,0xff,
0x44,0x44,0x4c,0xff,0x44,0x44,0x4c,0xff,0x44,0x44,0x4c,0xff,0x44,0x44,0x4c,0xff,0x44,0x44,0x4c,0xff,0x44,0x44,0x4c,0xff,
0x44,0x44,0x4c,0xff,0x44,0x44,0x4c,0xff,0x44,0x44,0x4c,0xff,0x44,0x44,0x4c,0xff,0x44,0x44,0x4c,0xff,0x44,0x44,0x4c,0xff,
0x44,0x44,0x4c,0xff,0x44,0x44,0x4c,0xff,0x44,0x44,0x4c,0xff,0x44,0x44,0x4c,0xff,0x44,0x44,0x4c,0xff,0x44,0x44,0x4c,0xff,
0x44,0x44,0x4c,0xff,0x25,0x25,0x2b,0xff,0x23,0x23,0x28,0xff,0x0f,0x0f,0x12,0xff,0x0a,0x0a,0x0c,0xff,0x0a,0x0a,0x0c,0xff,
0x0a,0x0a,0x0c,0xff,0x0a,0x0a,0x0c,0xff,0x0a,0x0a,0x0c,0xff,0x0a,0x0a,0x0c,0xff,0x0a,0x0a,0x0c,0xff,0x1a,0x1a,0x1e,0xff,
0x1a,0x1a,0x1d,0xff,0x0a,0x0a,0x0c,0xff,0x0a,0x0a,0x0c,0xff,0x0a,0x0a,0x0c,0xff,0x0a,0x0a,0x0c,0xff,0x0a,0x0a,0x0c,0xff,
0x0a,0x0a,0x0c,0xff,0x0a,0x0a,0x0c,0xff,0x0a,0x0a,0x0c,0xff,0x0a,0x0a,0x0c,0xff,0x0a,0x0a,0x0c,0xff,0x48,0x48,0x50,0xff,
0x44,0x44,0x4c,0xff,0x44,0x44,0x4c,0xff,0x44,0x44,0x4c,0xff,0x44,0x44,0x4c,0xff,0x44,0x44,0x4c,0xff,0x44,0x44,0x4c,0xff,
0x44,0x44,0x4c,0xff,0x44,0x44,0x4c,0xff,0x44,0x44,0x4c,0xff,0x44,0x44,0x4c,0xff,0x44,0x44,0x4c,0xff,0x44,0x44,0x4c,0xff,
0x44,0x44,0x4c,0xff,0x44,0x44,0x4c,0xff,0x44,0x44,0x4c,0xff,0x44,0x44,0x4c,0xff,0x44,0x44,0x4c,0xff,0x44,0x44,0x4c,0xff,
0x44,0x44,0x4c,0xff,0x44,0x44,0x4c,0xff,0x44,0x44,0x4c,0xff,0x44,0x44,0x4c,0xff,0x44,0x44,0x4c,0xff,0x44,0x44,0x4c,0xff,
0x44,0x44,0x4c,0xff,0x44,0x44,0x4c,0xff,0x44,0x44,0x4c,0xff,0x44,0x44,0x4c,0xff,0x44,0x44,0x4c,0xff,0x44,0x44,0x4c,0xff,
0x44,0x44,0x4c,0xff,0x44,0x44,0x4c,0xff,0x44,0x44,0x4c,0xff,0x44,0x44,0x4c,0xff,0x44,0x44,0x4c,0xff,0x44,0x44,0x4c,0xff,
0x44,0x44,0x4c,0xff,0x44,0x44,0x4c,0xff,0x44,0x44,0x4c,0xff,0x44,0x44,0x4c,0xff,0x48,0x48,0x50,0xff,0x0a,0x0a,0x0c,0xff,
0x0a,0x0a,0x0c,0xff,0x0a,0x0a,0x0c,0xff,0x0a,0x0a,0x0c,0xff,0x0a,0x0a,0x0c,0xff,0x0a,0x0a,0x0c,0xff,0x0a,0x0a,0x0c,0xff,
0x0a,0x0a,0x0c,0xff,0x0a,0x0a,0x0c,0xff,0x0a,0x0a,0x0c,0xff,0x1a,0x1a,0x1e,0xff,0x19,0x19,0x1d,0xff,0x0a,0x0a,0x0c,0xff,
0x0a,0x0a,0x0c,0xff,0x0a,0x0a,0x0c,0xff,0x0a,0x0a,0x0c,0xff,0x0a,0x0a,0x0c,0xff,0x0a,0x0a,0x0c,0xff,0x0a,0x0a,0x0c,0xff,
0x0a,0x0a,0x0c,0xff,0x0a,0x0a,0x0c,0xff,0x0a,0x0a,0x0c,0xff,0x2f,0x2f,0x34,0xff,0x47,0x47,0x4f,0xff,0x44,0x44,0x4c,0xff,
0x44,0x44,0x4c,0xff,0x44,0x44,0x4c,0xff,0x44,0x44,0x4c,0xff,0x44,0x44,0x4c,0xff,0x44,0x44,0x4c,0xff,0x44,0x44,0x4c,0xff,
0x44,0x44,0x4c,0xff,0x44,0x44,0x4c,0xff,0x44,0x44,0x4c,0xff,0x44,0x44,0x4c,0xff,0x44,0x44,0x4c,0xff,0x44,0x44,0x4c,0xff,
0x44,0x44,0x4c,0xff,0x44,0x44,0x4c,0xff,0x44,0x44,0x4c,0xff,0x44,0x44,0x4c,0xff,0x44,0x44,0x4c,0xff,0x44,0x44,0x4c,0xff,
0x44,0x44,0x4c,0xff,0x44,0x44,0x4c,0xff,0x44,0x44,0x4c,0xff,0x44,0x44,0x4c,0xff,0x44,0x44,0x4c,0xff,0x44,0x44,0x4c,0xff,
0x44,0x44,0x4c,0xff,0x44,0x44,0x4c,0xff,0x44,0x44,0x4c,0xff,0x44,0x44,0x4c,0xff,0x44,0x44,0x4c,0xff,0x44,0x44,0x4c,0xff,
0x44,0x44,0x4c,0xff,0x44,0x44,0x4c,0xff,0x44,0x44,0x4c,0xff,0x44,0x44,0x4c,0xff,0x44,0x44,0x4c,0xff,0x44,0x44,0x4c,0xff,
0x44,0x44,0x4c,0xff,0x47,0x47,0x4f,0xff,0x2f,0x2f,0x34,0xff,0x0a,0x0a,0x0c,0xff,0x0a,0x0a,0x0c,0xff,0x0a,0x0a,0x0c,0xff,
0x0a,0x0a,0x0c,0xff,0x0a,0x0a,0x0c,0xff,0x0a,0x0a,0x0c,0xff,0x0a,0x0a,0x0c,0xff,0x0a,0x0a,0x0c,0xff,0x0a,0x0a,0x0c,0xff,
0x0a,0x0a,0x0c,0xff,0x19,0x19,0x1d,0xff,0x1f,0x1f,0x22,0xf7,0x0a,0x0a,0x0c,0xff,0x0a,0x0a,0x0c,0xff,0x0a,0x0a,0x0c,0xff,
0x0a,0x0a,0x0c,0xff,0x0a,0x0a,0x0c,0xff,0x0a,0x0a,0x0c,0xff,0x0a,0x0a,0x0c,0xff,0x0a,0x0a,0x0c,0xff,0x0a,0x0a,0x0c,0xff,
0x0a,0x0a,0x0c,0xff,0x0a,0x0a,0x0c,0xff,0x0a,0x0a,0x0c,0xff,0x26,0x26,0x2b,0xff,0x2c,0x2c,0x31,0xff,0x2c,0x2c,0x31,0xff,
0x2c,0x2c,0x31,0xff,0x2c,0x2c,0x31,0xff,0x2c,0x2c,0x31,0xff,0x2c,0x2c,0x31,0xff,0x2c,0x2c,0x31,0xff,0x2c,0x2c,0x31,0xff,
0x2c,0x2c,0x31,0xff,0x2c,0x2c,0x31,0xff,0x2c,0x2c,0x31,0xff,0x2c,0x2c,0x31,0xff,0x2c,0x2c,0x31,0xff,0x2c,0x2c,0x31,0xff,
0x2c,0x2c,0x31,0xff,0x2c,0x2c,0x31,0xff,0x2c,0x2c,0x31,0xff,0x2c,0x2c,0x31,0xff,0x2c,0x2c,0x31,0xff,0x2c,0x2c,0x31,0xff,
0x2c,0x2c,0x31,0xff,0x2c,0x2c,0x31,0xff,0x2c,0x2c,0x31,0xff,0x2c,0x2c,0x31,0xff,0x2c,0x2c,0x31,0xff,0x2c,0x2c,0x31,0xff,
0x2c,0x2c,0x31,0xff,0x2c,0x2c,0x31,0xff,0x2c,0x2c,0x31,0xff,0x2c,0x2c,0x31,0xff,0x2c,0x2c,0x31,0xff,0x2c,0x2c,0x31,0xff,
0x2c,0x2c,0x31,0xff,0x2c,0x2c,0x31,0xff,0x2c,0x2c,0x31,0xff,0x2c,0x2c,0x31,0xff,0x26,0x26,0x2b,0xff,0x0a,0x0a,0x0c,0xff,
0x0a,0x0a,0x0c,0xff,0x0a,0x0a,0x0c,0xff,0x0a,0x0a,0x0c,0xff,0x0a,0x0a,0x0c,0xff,0x0a,0x0a,0x0c,0xff,0x0a,0x0a,0x0c,0xff,
0x0a,0x0a,0x0c,0xff,0x0a,0x0a,0x0c,0xff,0x0a,0x0a,0x0c,0xff,0x0a,0x0a,0x0c,0xff,0x0a,0x0a,0x0c,0xff,0x1f,0x1f,0x22,0xf7,
0x20,0x20,0x24,0xea,0x0d,0x0d,0x0f,0xff,0x0a,0x0a,0x0c,0xff,0x0a,0x0a,0x0c,0xff,0x0a,0x0a,0x0c,0xff,0x0a,0x0a,0x0c,0xff,
0x0a,0x0a,0x0c,0xff,0x0a,0x0a,0x0c,0xff,0x0a,0x0a,0x0c,0xff,0x0a,0x0a,0x0c,0xff,0x0a,0x0a,0x0c,0xff,0x0a,0x0a,0x0c,0xff,
0x0a,0x0a,0x0c,0xff,0x0a,0x0a,0x0c,0xff,0x0a,0x0a,0x0c,0xff,0x0a,0x0a,0x0c,0xff,0x0a,0x0a,0x0c,0xff,0x0a,0x0a,0x0c,0xff,
0x0a,0x0a,0x0c,0xff,0x0a,0x0a,0x0c,0xff,0x0a,0x0a,0x0c,0xff,0x0a,0x0a,0x0c,0xff,0x0a,0x0a,0x0c,0xff,0x0a,0x0a,0x0c,0xff,
0x0a,0x0a,0x0c,0xff,0x0a,0x0a,0x0c,0xff,0x0a,0x0a,0x0c,0xff,0x0a,0x0a,0x0c,0xff,0x0a,0x0a,0x0c,0xff,0x0a,0x0a,0x0c,0xff,
0x0a,0x0a,0x0c,0xff,0x0a,0x0a,0x0c,0xff,0x0a,0x0a,0x0c,0xff,0x0a,0x0a,0x0c,0xff,0x0a,0x0a,0x0c,0xff,0x0a,0x0a,0x0c,0xff,
0x0a,0x0a,0x0c,0xff,0x0a,0x0a,0x0c,0xff,0x0a,0x0a,0x0c,0xff,0x0a,0x0a,0x0c,0xff,0x0a,0x0a,0x0c,0xff,0x0a,0x0a,0x0c,0xff,
0x0a,0x0a,0x0c,0xff,0x0a,0x0a,0x0c,0xff,0x0a,0x0a,0x0c,0xff,0x0a,0x0a,0x0c,0xff,0x0a,0x0a,0x0c,0xff,0x0a,0x0a,0x0c,0xff,
0x0a,0x0a,0x0c,0xff,0x0a,0x0a,0x0c,0xff,0x0a,0x0a,0x0c,0xff,0x0a,0x0a,0x0c,0xff,0x0a,0x0a,0x0c,0xff,0x0a,0x0a,0x0c,0xff,
0x0a,0x0a,0x0c,0xff,0x0a,0x0a,0x0c,0xff,0x0a,0x0a,0x0c,0xff,0x0a,0x0a,0x0c,0xff,0x0a,0x0a,0x0c,0xff,0x0a,0x0a,0x0c,0xff,
0x0a,0x0a,0x0c,0xff,0x0a,0x0a,0x0c,0xff,0x0d,0x0d,0x0e,0xff,0x20,0x20,0x24,0xea,0x1c,0x1c,0x21,0xd7,0x11,0x11,0x12,0xff,
0x0a,0x0a,0x0c,0xff,0x0a,0x0a,0x0c,0xff,0x0a,0x0a,0x0c,0xff,0x0a,0x0a,0x0c,0xff,0x0a,0x0a,0x0c,0xff,0x0a,0x0a,0x0c,0xff,
0x0a,0x0a,0x0c,0xff,0x0a,0x0a,0x0c,0xff,0x0a,0x0a,0x0c,0xff,0x0a,0x0a,0x0c,0xff,0x0a,0x0a,0x0c,0xff,0x0a,0x0a,0x0c,0xff,
0x0a,0x0a,0x0c,0xff,0x0a,0x0a,0x0c,0xff,0x0a,0x0a,0x0c,0xff,0x0a,0x0a,0x0c,0xff,0x0a,0x0a,0x0c,0xff,0x0a,0x0a,0x0c,0xff,
0x0a,0x0a,0x0c,0xff,0x0a,0x0a,0x0c,0xff,0x0a,0x0a,0x0c,0xff,0x0a,0x0a,0x0c,0xff,0x0a,0x0a,0x0c,0xff,0x0a,0x0a,0x0c,0xff,
0x0a,0x0a,0x0c,0xff,0x0a,0x0a,0x0c,0xff,0x0a,0x0a,0x0c,0xff,0x0a,0x0a,0x0c,0xff,0x0a,0x0a,0x0c,0xff,0x0a,0x0a,0x0c,0xff,
0x0a,0x0a,0x0c,0xff,0x0a,0x0a,0x0c,0xff,0x0a,0x0a,0x0c,0xff,0x0a,0x0a,0x0c,0xff,0x0a,0x0a,0x0c,0xff,0x0a,0x0a,0x0c,0xff,
0x0a,0x0a,0x0c,0xff,0x0a,0x0a,0x0c,0xff,0x0a,0x0a,0x0c,0xff,0x0a,0x0a,0x0c,0xff,0x0a,0x0a,0x0c,0xff,0x0a,0x0a,0x0c,0xff,
0x0a,0x0a,0x0c,0xff,0x0a,0x0a,0x0c,0xff,0x0a,0x0a,0x0c,0xff,0x0a,0x0a,0x0c,0xff,0x0a,0x0a,0x0c,0xff,0x0a,0x0a,0x0c,0xff,
0x0a,0x0a,0x0c,0xff,0x0a,0x0a,0x0c,0xff,0x0a,0x0a,0x0c,0xff,0x0a,0x0a,0x0c,0xff,0x0a,0x0a,0x0c,0xff,0x0a,0x0a,0x0c,0xff,
0x0a,0x0a,0x0c,0xff,0x0a,0x0a,0x0c,0xff,0x0a,0x0a,0x0c,0xff,0x0a,0x0a,0x0c,0xff,0x0a,0x0a,0x0c,0xff,0x0a,0x0a,0x0c,0xff,
0x11,0x11,0x13,0xff,0x1c,0x1c,0x20,0xd7,0x1d,0x1d,0x20,0xa8,0x14,0x14,0x17,0xff,0x0a,0x0a,0x0c,0xff,0x0a,0x0a,0x0c,0xff,
0x0a,0x0a,0x0c,0xff,0x0a,0x0a,0x0c,0xff,0x0a,0x0a,0x0c,0xff,0x0a,0x0a,0x0c,0xff,0x0a,0x0a,0x0c,0xff,0x0a,0x0a,0x0c,0xff,
0x0a,0x0a,0x0c,0xff,0x0a,0x0a,0x0c,0xff,0x0a,0x0a,0x0c,0xff,0x0a,0x0a,0x0c,0xff,0x0a,0x0a,0x0c,0xff,0x0a,0x0a,0x0c,0xff,
0x0a,0x0a,0x0c,0xff,0x0a,0x0a,0x0c,0xff,0x0a,0x0a,0x0c,0xff,0x0a,0x0a,0x0c,0xff,0x0a,0x0a,0x0c,0xff,0x0a,0x0a,0x0c,0xff,
0x0a,0x0a,0x0c,0xff,0x0a,0x0a,0x0c,0xff,0x0a,0x0a,0x0c,0xff,0x0a,0x0a,0x0c,0xff,0x0a,0x0a,0x0c,0xff,0x0a,0x0a,0x0c,0xff,
0x0a,0x0a,0x0c,0xff,0x0a,0x0a,0x0c,0xff,0x0a,0x0a,0x0c,0xff,0x0a,0x0a,0x0c,0xff,0x0a,0x0a,0x0c,0xff,0x0a,0x0a,0x0c,0xff,
0x0a,0x0a,0x0c,0xff,0x0a,0x0a,0x0c,0xff,0x0a,0x0a,0x0c,0xff,0x0a,0x0a,0x0c,0xff,0x0a,0x0a,0x0c,0xff,0x0a,0x0a,0x0c,0xff,
0x0a,0x0a,0x0c,0xff,0x0a,0x0a,0x0c,0xff,0x0a,0x0a,0x0c,0xff,0x0a,0x0a,0x0c,0xff,0x0a,0x0a,0x0c,0xff,0x0a,0x0a,0x0c,0xff,
0x0a,0x0a,0x0c,0xff,0x0a,0x0a,0x0c,0xff,0x0a,0x0a,0x0c,0xff,0x0a,0x0a,0x0c,0xff,0x0a,0x0a,0x0c,0xff,0x0a,0x0a,0x0c,0xff,
0x0a,0x0a,0x0c,0xff,0x0a,0x0a,0x0c,0xff,0x0a,0x0a,0x0c,0xff,0x0a,0x0a,0x0c,0xff,0x0a,0x0a,0x0c,0xff,0x0a,0x0a,0x0c,0xff,
0x0a,0x0a,0x0c,0xff,0x0a,0x0a,0x0c,0xff,0x0a,0x0a,0x0c,0xff,0x0a,0x0a,0x0c,0xff,0x15,0x15,0x17,0xff,0x1b,0x1b,0x20,0xa7,
0x22,0x22,0x24,0x5b,0x18,0x18,0x1b,0xff,0x0a,0x0a,0x0c,0xff,0x0a,0x0a,0x0c,0xff,0x0a,0x0a,0x0c,0xff,0x0a,0x0a,0x0c,0xff,
0x0a,0x0a,0x0c,0xff,0x0a,0x0a,0x0c,0xff,0x0a,0x0a,0x0c,0xff,0x0a,0x0a,0x0c,0xff,0x0a,0x0a,0x0c,0xff,0x0a,0x0a,0x0c,0xff,
0x0a,0x0a,0x0c,0xff,0x0a,0x0a,0x0c,0xff,0x0a,0x0a,0x0c,0xff,0x0a,0x0a,0x0c,0xff,0x0a,0x0a,0x0c,0xff,0x0a,0x0a,0x0c,0xff,
0x0a,0x0a,0x0c,0xff,0x0a,0x0a,0x0c,0xff,0x0a,0x0a,0x0c,0xff,0x0a,0x0a,0x0c,0xff,0x0a,0x0a,0x0c,0xff,0x0a,0x0a,0x0c,0xff,
0x0a,0x0a,0x0c,0xff,0x0a,0x0a,0x0c,0xff,0x0a,0x0a,0x0c,0xff,0x0a,0x0a,0x0c,0xff,0x0a,0x0a,0x0c,0xff,0x0a,0x0a,0x0c,0xff,
0x0a,0x0a,0x0c,0xff,0x0a,0x0a,0x0c,0xff,0x0a,0x0a,0x0c,0xff,0x0a,0x0a,0x0c,0xff,0x0a,0x0a,0x0c,0xff,0x0a,0x0a,0x0c,0xff,
0x0a,0x0a,0x0c,0xff,0x0a,0x0a,0x0c,0xff,0x0a,0x0a,0x0c,0xff,0x0a,0x0a,0x0c,0xff,0x0a,0x0a,0x0c,0xff,0x0a,0x0a,0x0c,0xff,
0x0a,0x0a,0x0c,0xff,0x0a,0x0a,0x0c,0xff,0x0a,0x0a,0x0c,0xff,0x0a,0x0a,0x0c,0xff,0x0a,0x0a,0x0c,0xff,0x0a,0x0a,0x0c,0xff,
0x0a,0x0a,0x0c,0xff,0x0a,0x0a,0x0c,0xff,0x0a,0x0a,0x0c,0xff,0x0a,0x0a,0x0c,0xff,0x0a,0x0a,0x0c,0xff,0x0a,0x0a,0x0c,0xff,
0x0a,0x0a,0x0c,0xff,0x0a,0x0a,0x0c,0xff,0x0a,0x0a,0x0c,0xff,0x0a,0x0a,0x0c,0xff,0x0a,0x0a,0x0c,0xff,0x0a,0x0a,0x0c,0xff,
0x0a,0x0a,0x0c,0xff,0x0a,0x0a,0x0c,0xff,0x19,0x19,0x1c,0xff,0x22,0x22,0x25,0x53,0x80,0x80,0x80,0x02,0x23,0x23,0x25,0xdd,
0x0b,0x0b,0x0d,0xff,0x0a,0x0a,0x0c,0xff,0x0a,0x0a,0x0c,0xff,0x0a,0x0a,0x0c,0xff,0x0a,0x0a,0x0c,0xff,0x0a,0x0a,0x0c,0xff,
0x0a,0x0a,0x0c,0xff,0x0a,0x0a,0x0c,0xff,0x0a,0x0a,0x0c,0xff,0x0a,0x0a,0x0c,0xff,0x0a,0x0a,0x0c,0xff,0x0a,0x0a,0x0c,0xff,
0x0a,0x0a,0x0c,0xff,0x0a,0x0a,0x0c,0xff,0x0a,0x0a,0x0c,0xff,0x0a,0x0a,0x0c,0xff,0x0a,0x0a,0x0c,0xff,0x0a,0x0a,0x0c,0xff,
0x0a,0x0a,0x0c,0xff,0x0a,0x0a,0x0c,0xff,0x0a,0x0a,0x0c,0xff,0x0a,0x0a,0x0c,0xff,0x0a,0x0a,0x0c,0xff,0x0a,0x0a,0x0c,0xff,
0x0a,0x0a,0x0c,0xff,0x0a,0x0a,0x0c,0xff,0x0a,0x0a,0x0c,0xff,0x0a,0x0a,0x0c,0xff,0x0a,0x0a,0x0c,0xff,0x0a,0x0a,0x0c,0xff,
0x0a,0x0a,0x0c,0xff,0x0a,0x0a,0x0c,0xff,0x0a,0x0a,0x0c,0xff,0x0a,0x0a,0x0c,0xff,0x0a,0x0a,0x0c,0xff,0x0a,0x0a,0x0c,0xff,
0x0a,0x0a,0x0c,0xff,0x0a,0x0a,0x0c,0xff,0x0a,0x0a,0x0c,0xff,0x0a,0x0a,0x0c,0xff,0x0a,0x0a,0x0c,0xff,0x0a,0x0a,0x0c,0xff,
0x0a,0x0a,0x0c,0xff,0x0a,0x0a,0x0c,0xff,0x0a,0x0a,0x0c,0xff,0x0a,0x0a,0x0c,0xff,0x0a,0x0a,0x0c,0xff,0x0a,0x0a,0x0c,0xff,
0x0a,0x0a,0x0c,0xff,0x0a,0x0a,0x0c,0xff,0x0a,0x0a,0x0c,0xff,0x0a,0x0a,0x0c,0xff,0x0a,0x0a,0x0c,0xff,0x0a,0x0a,0x0c,0xff,
0x0a,0x0a,0x0c,0xff,0x0a,0x0a,0x0c,0xff,0x0a,0x0a,0x0c,0xff,0x0a,0x0a,0x0c,0xff,0x0a,0x0a,0x0c,0xff,0x0b,0x0b,0x0e,0xff,
0x22,0x22,0x25,0xdc,0x80,0x80,0x80,0x02,0x00,0x00,0x00,0x00,0x1e,0x1e,0x21,0x5c,0x19,0x19,0x1d,0xff,0x0a,0x0a,0x0c,0xff,
0x0a,0x0a,0x0c,0xff,0x0a,0x0a,0x0c,0xff,0x0a,0x0a,0x0c,0xff,0x0a,0x0a,0x0c,0xff,0x0a,0x0a,0x0c,0xff,0x0a,0x0a,0x0c,0xff,
0x0a,0x0a,0x0c,0xff,0x0a,0x0a,0x0c,0xff,0x0a,0x0a,0x0c,0xff,0x0a,0x0a,0x0c,0xff,0x0a,0x0a,0x0c,0xff,0x0a,0x0a,0x0c,0xff,
0x0a,0x0a,0x0c,0xff,0x0a,0x0a,0x0c,0xff,0x0a,0x0a,0x0c,0xff,0x0a,0x0a,0x0c,0xff,0x0a,0x0a,0x0c,0xff,0x0a,0x0a,0x0c,0xff,
0x0a,0x0a,0x0c,0xff,0x0a,0x0a,0x0c,0xff,0x0a,0x0a,0x0c,0xff,0x0a,0x0a,0x0c,0xff,0x0a,0x0a,0x0c,0xff,0x0a,0x0a,0x0c,0xff,
0x0a,0x0a,0x0c,0xff,0x0a,0x0a,0x0c,0xff,0x0a,0x0a,0x0c,0xff,0x0a,0x0a,0x0c,0xff,0x0a,0x0a,0x0c,0xff,0x0a,0x0a,0x0c,0xff,
0x0a,0x0a,0x0c,0xff,0x0a,0x0a,0x0c,0xff,0x0a,0x0a,0x0c,0xff,0x0a,0x0a,0x0c,0xff,0x0a,0x0a,0x0c,0xff,0x0a,0x0a,0x0c,0xff,
0x0a,0x0a,0x0c,0xff,0x0a,0x0a,0x0c,0xff,0x0a,0x0a,0x0c,0xff,0x0a,0x0a,0x0c,0xff,0x0a,0x0a,0x0c,0xff,0x0a,0x0a,0x0c,0xff,
0x0a,0x0a,0x0c,0xff,0x0a,0x0a,0x0c,0xff,0x0a,0x0a,0x0c,0xff,0x0a,0x0a,0x0c,0xff,0x0a,0x0a,0x0c,0xff,0x0a,0x0a,0x0c,0xff,
0x0a,0x0a,0x0c,0xff,0x0a,0x0a,0x0c,0xff,0x0a,0x0a,0x0c,0xff,0x0a,0x0a,0x0c,0xff,0x0a,0x0a,0x0c,0xff,0x0a,0x0a,0x0c,0xff,
0x0a,0x0a,0x0c,0xff,0x0a,0x0a,0x0c,0xff,0x0a,0x0a,0x0c,0xff,0x19,0x19,0x1d,0xff,0x1f,0x1f,0x1f,0x5a,0x00,0x00,0x00,0x00,
0x00,0x00,0x00,0x00,0x00,0x00,0x00,0x00,0x1b,0x1b,0x1e,0xce,0x13,0x13,0x16,0xff,0x0a,0x0a,0x0c,0xff,0x0a,0x0a,0x0c,0xff,
0x0a,0x0a,0x0c,0xff,0x0a,0x0a,0x0c,0xff,0x0a,0x0a,0x0c,0xff,0x0a,0x0a,0x0c,0xff,0x0a,0x0a,0x0c,0xff,0x0a,0x0a,0x0c,0xff,
0x0a,0x0a,0x0c,0xff,0x0a,0x0a,0x0c,0xff,0x0a,0x0a,0x0c,0xff,0x0a,0x0a,0x0c,0xff,0x0a,0x0a,0x0c,0xff,0x0a,0x0a,0x0c,0xff,
0x0a,0x0a,0x0c,0xff,0x0a,0x0a,0x0c,0xff,0x0a,0x0a,0x0c,0xff,0x0a,0x0a,0x0c,0xff,0x0a,0x0a,0x0c,0xff,0x0a,0x0a,0x0c,0xff,
0x0a,0x0a,0x0c,0xff,0x0a,0x0a,0x0c,0xff,0x0a,0x0a,0x0c,0xff,0x0a,0x0a,0x0c,0xff,0x0a,0x0a,0x0c,0xff,0x0a,0x0a,0x0c,0xff,
0x0a,0x0a,0x0c,0xff,0x0a,0x0a,0x0c,0xff,0x0a,0x0a,0x0c,0xff,0x0a,0x0a,0x0c,0xff,0x0a,0x0a,0x0c,0xff,0x0a,0x0a,0x0c,0xff,
0x0a,0x0a,0x0c,0xff,0x0a,0x0a,0x0c,0xff,0x0a,0x0a,0x0c,0xff,0x0a,0x0a,0x0c,0xff,0x0a,0x0a,0x0c,0xff,0x0a,0x0a,0x0c,0xff,
0x0a,0x0a,0x0c,0xff,0x0a,0x0a,0x0c,0xff,0x0a,0x0a,0x0c,0xff,0x0a,0x0a,0x0c,0xff,0x0a,0x0a,0x0c,0xff,0x0a,0x0a,0x0c,0xff,
0x0a,0x0a,0x0c,0xff,0x0a,0x0a,0x0c,0xff,0x0a,0x0a,0x0c,0xff,0x0a,0x0a,0x0c,0xff,0x0a,0x0a,0x0c,0xff,0x0a,0x0a,0x0c,0xff,
0x0a,0x0a,0x0c,0xff,0x0a,0x0a,0x0c,0xff,0x0a,0x0a,0x0c,0xff,0x0a,0x0a,0x0c,0xff,0x0a,0x0a,0x0c,0xff,0x0a,0x0a,0x0c,0xff,
0x13,0x13,0x16,0xff,0x1b,0x1b,0x1e,0xcd,0x00,0x00,0x00,0x00,0x00,0x00,0x00,0x00,0x00,0x00,0x00,0x00,0x00,0x00,0x00,0x00,
0x14,0x14,0x14,0x1a,0x20,0x20,0x24,0xed,0x0c,0x0c,0x0e,0xff,0x0a,0x0a,0x0c,0xff,0x0a,0x0a,0x0c,0xff,0x0a,0x0a,0x0c,0xff,
0x0a,0x0a,0x0c,0xff,0x0a,0x0a,0x0c,0xff,0x0a,0x0a,0x0c,0xff,0x0a,0x0a,0x0c,0xff,0x0a,0x0a,0x0c,0xff,0x0a,0x0a,0x0c,0xff,
0x0a,0x0a,0x0c,0xff,0x0a,0x0a,0x0c,0xff,0x0a,0x0a,0x0c,0xff,0x0a,0x0a,0x0c,0xff,0x0a,0x0a,0x0c,0xff,0x0a,0x0a,0x0c,0xff,
0x0a,0x0a,0x0c,0xff,0x0a,0x0a,0x0c,0xff,0x0a,0x0a,0x0c,0xff,0x0a,0x0a,0x0c,0xff,0x0a,0x0a,0x0c,0xff,0x0a,0x0a,0x0c,0xff,
0x0a,0x0a,0x0c,0xff,0x0a,0x0a,0x0c,0xff,0x0a,0x0a,0x0c,0xff,0x0a,0x0a,0x0c,0xff,0x0a,0x0a,0x0c,0xff,0x0a,0x0a,0x0c,0xff,
0x0a,0x0a,0x0c,0xff,0x0a,0x0a,0x0c,0xff,0x0a,0x0a,0x0c,0xff,0x0a,0x0a,0x0c,0xff,0x0a,0x0a,0x0c,0xff,0x0a,0x0a,0x0c,0xff,
0x0a,0x0a,0x0c,0xff,0x0a,0x0a,0x0c,0xff,0x0a,0x0a,0x0c,0xff,0x0a,0x0a,0x0c,0xff,0x0a,0x0a,0x0c,0xff,0x0a,0x0a,0x0c,0xff,
0x0a,0x0a,0x0c,0xff,0x0a,0x0a,0x0c,0xff,0x0a,0x0a,0x0c,0xff,0x0a,0x0a,0x0c,0xff,0x0a,0x0a,0x0c,0xff,0x0a,0x0a,0x0c,0xff,
0x0a,0x0a,0x0c,0xff,0x0a,0x0a,0x0c,0xff,0x0a,0x0a,0x0c,0xff,0x0a,0x0a,0x0c,0xff,0x0a,0x0a,0x0c,0xff,0x0a,0x0a,0x0c,0xff,
0x0a,0x0a,0x0c,0xff,0x0a,0x0a,0x0c,0xff,0x0a,0x0a,0x0c,0xff,0x0d,0x0d,0x0e,0xff,0x1f,0x1f,0x24,0xed,0x14,0x14,0x14,0x1a,
0x00,0x00,0x00,0x00,0x00,0x00,0x00,0x00,0x00,0x00,0x00,0x00,0x00,0x00,0x00,0x00,0x00,0x00,0x00,0x00,0x22,0x22,0x22,0x34,
0x1e,0x1e,0x21,0xf4,0x0c,0x0c,0x0f,0xff,0x0a,0x0a,0x0c,0xff,0x0a,0x0a,0x0c,0xff,0x0a,0x0a,0x0c,0xff,0x0a,0x0a,0x0c,0xff,
0x0a,0x0a,0x0c,0xff,0x0a,0x0a,0x0c,0xff,0x0a,0x0a,0x0c,0xff,0x0a,0x0a,0x0c,0xff,0x0a,0x0a,0x0c,0xff,0x0a,0x0a,0x0c,0xff,
0x0a,0x0a,0x0c,0xff,0x0a,0x0a,0x0c,0xff,0x0a,0x0a,0x0c,0xff,0x0a,0x0a,0x0c,0xff,0x0a,0x0a,0x0c,0xff,0x0a,0x0a,0x0c,0xff,
0x0a,0x0a,0x0c,0xff,0x0a,0x0a,0x0c,0xff,0x0a,0x0a,0x0c,0xff,0x0a,0x0a,0x0c,0xff,0x0a,0x0a,0x0c,0xff,0x0a,0x0a,0x0c,0xff,
0x0a,0x0a,0x0c,0xff,0x0a,0x0a,0x0c,0xff,0x0a,0x0a,0x0c,0xff,0x0a,0x0a,0x0c,0xff,0x0a,0x0a,0x0c,0xff,0x0a,0x0a,0x0c,0xff,
0x0a,0x0a,0x0c,0xff,0x0a,0x0a,0x0c,0xff,0x0a,0x0a,0x0c,0xff,0x0a,0x0a,0x0c,0xff,0x0a,0x0a,0x0c,0xff,0x0a,0x0a,0x0c,0xff,
0x0a,0x0a,0x0c,0xff,0x0a,0x0a,0x0c,0xff,0x0a,0x0a,0x0c,0xff,0x0a,0x0a,0x0c,0xff,0x0a,0x0a,0x0c,0xff,0x0a,0x0a,0x0c,0xff,
0x0a,0x0a,0x0c,0xff,0x0a,0x0a,0x0c,0xff,0x0a,0x0a,0x0c,0xff,0x0a,0x0a,0x0c,0xff,0x0a,0x0a,0x0c,0xff,0x0a,0x0a,0x0c,0xff,
0x0a,0x0a,0x0c,0xff,0x0a,0x0a,0x0c,0xff,0x0a,0x0a,0x0c,0xff,0x0a,0x0a,0x0c,0xff,0x0a,0x0a,0x0c,0xff,0x0a,0x0a,0x0c,0xff,
0x0d,0x0d,0x0e,0xff,0x1e,0x1e,0x22,0xf0,0x1f,0x1f,0x24,0x32,0x00,0x00,0x00,0x00,0x00,0x00,0x00,0x00,0x00,0x00,0x00,0x00,
0x00,0x00,0x00,0x00,0x00,0x00,0x00,0x00,0x00,0x00,0x00,0x00,0x00,0x00,0x00,0x00,0x23,0x23,0x29,0x2c,0x21,0x21,0x24,0xe1,
0x13,0x13,0x16,0xff,0x0a,0x0a,0x0c,0xff,0x0a,0x0a,0x0c,0xff,0x0a,0x0a,0x0c,0xff,0x0a,0x0a,0x0c,0xff,0x0a,0x0a,0x0c,0xff,
0x0a,0x0a,0x0c,0xff,0x0a,0x0a,0x0c,0xff,0x0a,0x0a,0x0c,0xff,0x0a,0x0a,0x0c,0xff,0x0a,0x0a,0x0c,0xff,0x0a,0x0a,0x0c,0xff,
0x0a,0x0a,0x0c,0xff,0x0a,0x0a,0x0c,0xff,0x0a,0x0a,0x0c,0xff,0x0a,0x0a,0x0c,0xff,0x0a,0x0a,0x0c,0xff,0x0a,0x0a,0x0c,0xff,
0x0a,0x0a,0x0c,0xff,0x0a,0x0a,0x0c,0xff,0x0a,0x0a,0x0c,0xff,0x0a,0x0a,0x0c,0xff,0x0a,0x0a,0x0c,0xff,0x0a,0x0a,0x0c,0xff,
0x0a,0x0a,0x0c,0xff,0x0a,0x0a,0x0c,0xff,0x0a,0x0a,0x0c,0xff,0x0a,0x0a,0x0c,0xff,0x0a,0x0a,0x0c,0xff,0x0a,0x0a,0x0c,0xff,
0x0a,0x0a,0x0c,0xff,0x0a,0x0a,0x0c,0xff,0x0a,0x0a,0x0c,0xff,0x0a,0x0a,0x0c,0xff,0x0a,0x0a,0x0c,0xff,0x0a,0x0a,0x0c,0xff,
0x0a,0x0a,0x0c,0xff,0x0a,0x0a,0x0c,0xff,0x0a,0x0a,0x0c,0xff,0x0a,0x0a,0x0c,0xff,0x0a,0x0a,0x0c,0xff,0x0a,0x0a,0x0c,0xff,
0x0a,0x0a,0x0c,0xff,0x0a,0x0a,0x0c,0xff,0x0a,0x0a,0x0c,0xff,0x0a,0x0a,0x0c,0xff,0x0a,0x0a,0x0c,0xff,0x0a,0x0a,0x0c,0xff,
0x0a,0x0a,0x0c,0xff,0x0a,0x0a,0x0c,0xff,0x0a,0x0a,0x0c,0xff,0x13,0x13,0x16,0xff,0x20,0x20,0x24,0xe1,0x1e,0x1e,0x2a,0x2a,
0x00,0x00,0x00,0x00,0x00,0x00,0x00,0x00,0x00,0x00,0x00,0x00,0x00,0x00,0x00,0x00,0x00,0x00,0x00,0x00,0x00,0x00,0x00,0x00,
0x00,0x00,0x00,0x00,0x00,0x00,0x00,0x00,0x00,0x00,0x00,0x00,0x00,0x00,0x00,0x00,0x1d,0x1d,0x21,0xb2,0x19,0x19,0x1d,0xff,
0x0b,0x0b,0x0d,0xff,0x0a,0x0a,0x0c,0xff,0x0a,0x0a,0x0c,0xff,0x0a,0x0a,0x0c,0xff,0x0a,0x0a,0x0c,0xff,0x0a,0x0a,0x0c,0xff,
0x0a,0x0a,0x0c,0xff,0x0a,0x0a,0x0c,0xff,0x0a,0x0a,0x0c,0xff,0x0a,0x0a,0x0c,0xff,0x0a,0x0a,0x0c,0xff,0x0a,0x0a,0x0c,0xff,
0x0a,0x0a,0x0c,0xff,0x0a,0x0a,0x0c,0xff,0x0a,0x0a,0x0c,0xff,0x0a,0x0a,0x0c,0xff,0x0a,0x0a,0x0c,0xff,0x0a,0x0a,0x0c,0xff,
0x0a,0x0a,0x0c,0xff,0x0a,0x0a,0x0c,0xff,0x0a,0x0a,0x0c,0xff,0x0a,0x0a,0x0c,0xff,0x0a,0x0a,0x0c,0xff,0x0a,0x0a,0x0c,0xff,
0x0a,0x0a,0x0c,0xff,0x0a,0x0a,0x0c,0xff,0x0a,0x0a,0x0c,0xff,0x0a,0x0a,0x0c,0xff,0x0a,0x0a,0x0c,0xff,0x0a,0x0a,0x0c,0xff,
0x0a,0x0a,0x0c,0xff,0x0a,0x0a,0x0c,0xff,0x0a,0x0a,0x0c,0xff,0x0a,0x0a,0x0c,0xff,0x0a,0x0a,0x0c,0xff,0x0a,0x0a,0x0c,0xff,
0x0a,0x0a,0x0c,0xff,0x0a,0x0a,0x0c,0xff,0x0a,0x0a,0x0c,0xff,0x0a,0x0a,0x0c,0xff,0x0a,0x0a,0x0c,0xff,0x0a,0x0a,0x0c,0xff,
0x0a,0x0a,0x0c,0xff,0x0a,0x0a,0x0c,0xff,0x0a,0x0a,0x0c,0xff,0x0a,0x0a,0x0c,0xff,0x0a,0x0a,0x0c,0xff,0x0b,0x0b,0x0e,0xff,
0x19,0x19,0x1d,0xff,0x1d,0x1d,0x21,0xb0,0x00,0x00,0x00,0x00,0x00,0x00,0x00,0x00,0x00,0x00,0x00,0x00,0x00,0x00,0x00,0x00,
0x00,0x00,0x00,0x00,0x00,0x00,0x00,0x00,0x00,0x00,0x00,0x00,0x00,0x00,0x00,0x00,0x00,0x00,0x00,0x00,0x00,0x00,0x00,0x00,
0x00,0x00,0x00,0x00,0x00,0x00,0x00,0x00,0x00,0x00,0x00,0x00,0x23,0x23,0x26,0x51,0x20,0x20,0x25,0xe6,0x19,0x19,0x1c,0xff,
0x15,0x15,0x17,0xff,0x11,0x11,0x13,0xff,0x0d,0x0d,0x0e,0xff,0x0a,0x0a,0x0c,0xff,0x0a,0x0a,0x0c,0xff,0x0a,0x0a,0x0c,0xff,
0x0a,0x0a,0x0c,0xff,0x0a,0x0a,0x0c,0xff,0x0a,0x0a,0x0c,0xff,0x0a,0x0a,0x0c,0xff,0x0a,0x0a,0x0c,0xff,0x0a,0x0a,0x0c,0xff,
0x0a,0x0a,0x0c,0xff,0x0a,0x0a,0x0c,0xff,0x0a,0x0a,0x0c,0xff,0x0a,0x0a,0x0c,0xff,0x0a,0x0a,0x0c,0xff,0x0a,0x0a,0x0c,0xff,
0x0a,0x0a,0x0c,0xff,0x0a,0x0a,0x0c,0xff,0x0a,0x0a,0x0c,0xff,0x0a,0x0a,0x0c,0xff,0x0a,0x0a,0x0c,0xff,0x0a,0x0a,0x0c,0xff,
0x0a,0x0a,0x0c,0xff,0x0a,0x0a,0x0c,0xff,0x0a,0x0a,0x0c,0xff,0x0a,0x0a,0x0c,0xff,0x0a,0x0a,0x0c,0xff,0x0a,0x0a,0x0c,0xff,
0x0a,0x0a,0x0c,0xff,0x0a,0x0a,0x0c,0xff,0x0a,0x0a,0x0c,0xff,0x0a,0x0a,0x0c,0xff,0x0a,0x0a,0x0c,0xff,0x0a,0x0a,0x0c,0xff,
0x0a,0x0a,0x0c,0xff,0x0a,0x0a,0x0c,0xff,0x0a,0x0a,0x0c,0xff,0x0a,0x0a,0x0c,0xff,0x0a,0x0a,0x0c,0xff,0x0d,0x0d,0x0e,0xff,
0x11,0x11,0x13,0xff,0x15,0x15,0x17,0xff,0x19,0x19,0x1c,0xff,0x22,0x22,0x25,0xe3,0x21,0x21,0x24,0x4e,0x00,0x00,0x00,0x00,
0x00,0x00,0x00,0x00,0x00,0x00,0x00,0x00,0x00,0x00,0x00,0x00,0x00,0x00,0x00,0x00,0x00,0x00,0x00,0x00,0x00,0x00,0x00,0x00,
0x00,0x00,0x00,0x00,0x00,0x00,0x00,0x00,0x00,0x00,0x00,0x00,0x00,0x00,0x00,0x00,0x00,0x00,0x00,0x00,0x00,0x00,0x00,0x00,
0x00,0x00,0x00,0x00,0x00,0x00,0x00,0x00,0x80,0x80,0x80,0x02,0x20,0x20,0x23,0x58,0x1d,0x1d,0x20,0xa1,0x1d,0x1d,0x20,0xd5,
0x20,0x20,0x24,0xea,0x1f,0x1f,0x22,0xf6,0x19,0x19,0x1d,0xff,0x1a,0x1a,0x1e,0xff,0x1a,0x1a,0x1e,0xff,0x1a,0x1a,0x1e,0xff,
0x1a,0x1a,0x1e,0xff,0x1a,0x1a,0x1e,0xff,0x1a,0x1a,0x1e,0xff,0x1a,0x1a,0x1e,0xff,0x1a,0x1a,0x1e,0xff,0x1a,0x1a,0x1e,0xff,
0x1a,0x1a,0x1e,0xff,0x1a,0x1a,0x1e,0xff,0x1a,0x1a,0x1e,0xff,0x1a,0x1a,0x1e,0xff,0x1a,0x1a,0x1e,0xff,0x1a,0x1a,0x1e,0xff,
0x1a,0x1a,0x1e,0xff,0x1a,0x1a,0x1e,0xff,0x1a,0x1a,0x1e,0xff,0x1a,0x1a,0x1e,0xff,0x1a,0x1a,0x1e,0xff,0x1a,0x1a,0x1e,0xff,
0x1a,0x1a,0x1e,0xff,0x1a,0x1a,0x1e,0xff,0x1a,0x1a,0x1e,0xff,0x1a,0x1a,0x1e,0xff,0x1a,0x1a,0x1e,0xff,0x1a,0x1a,0x1e,0xff,
0x1a,0x1a,0x1e,0xff,0x1a,0x1a,0x1e,0xff,0x1a,0x1a,0x1e,0xff,0x1a,0x1a,0x1e,0xff,0x1a,0x1a,0x1e,0xff,0x1a,0x1a,0x1e,0xff,
0x1a,0x1a,0x1e,0xff,0x19,0x19,0x1d,0xff,0x1f,0x1f,0x22,0xf6,0x20,0x20,0x24,0xea,0x1d,0x1d,0x20,0xd4,0x1d,0x1d,0x20,0x9e,
0x21,0x21,0x24,0x55,0x80,0x80,0x80,0x02,0x00,0x00,0x00,0x00,0x00,0x00,0x00,0x00,0x00,0x00,0x00,0x00,0x00,0x00,0x00,0x00,
0x00,0x00,0x00,0x00,0x00,0x00,0x00,0x00,0x00,0x00,0x00,0x00,0x00,0x00,0x00,0x00,
};
static const GLFWimage kWindowIcons[] = {
    {16, 16, kWindowIcon16},
    {32, 32, kWindowIcon32},
    {48, 48, kWindowIcon48},
    {64, 64, kWindowIcon64},
};
